Pathway,n_genes,p_val,mean_score,median_score,stat,FDR,Modality
Regulation Of Smooth Muscle Contraction (GO:0006940),20,2.4840716136295183e-21,0.880377780634276,-0.050796008001705,257985.0,6.7492225742314014e-18,score
Regulation Of Muscle Contraction (GO:0006937),29,9.090937337142107e-11,1.4671327342451594,-0.050796008001705,333567.0,1.2350038372507553e-07,score
Heart Process (GO:0003015),16,1.0345393186281012e-05,3.674605217937809,-0.050796008001705,181254.0,0.006712230113485754,score
Regulation Of Cardiac Muscle Contraction By Regulation Of The Release Of Sequestered Calcium Ion (GO:0010881),16,1.1385818997713491e-05,0.2400742844887195,-0.050796008001705,181124.0,0.006712230113485754,score
Reticulophagy (GO:0061709),16,1.235228213744158e-05,0.07673415320129193,-0.050796008001705,181013.0,0.006712230113485754,score
Regulation Of Adenylate Cyclase Activity (GO:0045761),17,2.4909221840519416e-05,0.16498270159445383,-0.050796008001705,190503.0,0.011076350331935,score
"Regulation Of Synaptic Transmission, Glutamatergic (GO:0051966)",55,2.853678775250092e-05,-0.0021045582983934266,-0.050796008001705,578532.0,0.011076350331935,score
Response To Ethanol (GO:0045471),18,5.5985705551189176e-05,0.10264489446654936,-0.050796008001705,199703.0,0.017034458877334388,score
3'-UTR-mediated mRNA Stabilization (GO:0070935),18,5.928895476213162e-05,-0.02505358070754453,-0.050796008001705,199613.0,0.017034458877334388,score
Positive Regulation Of DNA Replication (GO:0045740),18,6.26958368690997e-05,-0.026954138448828144,-0.050796008001705,199525.0,0.017034458877334388,score
Gastrulation (GO:0007369),19,9.56703439784202e-05,0.05592100130661143,-0.050796008001705,209213.0,0.02363057496266979,score
Regulation Of Cardiac Muscle Contraction By Calcium Ion Signaling (GO:0010882),20,0.00013304939201302064,0.18190022599063455,-0.050796008001705,218990.0,0.030124599841614755,score
Skeletal Muscle Organ Development (GO:0060538),34,0.00019989992777795133,0.1689976224485436,-0.050796008001705,361325.0,0.04177908490559183,score
Acetylcholine Receptor Signaling Pathway (GO:0095500),21,0.00022037699179168374,0.12280663866135925,-0.050796008001705,228390.0,0.04276887762128605,score
Positive Regulation Of Translational Initiation (GO:0045948),21,0.00025956111288492266,-0.016062204757883326,-0.050796008001705,228087.0,0.04701516958055566,score
Regulation Of Release Of Sequestered Calcium Ion Into Cytosol By Sarcoplasmic Reticulum (GO:0010880),22,0.00032640434748990374,0.16074602290042186,-0.050796008001705,237917.0,0.05542753825812928,score
Positive Regulation Of Bone Mineralization (GO:0030501),38,0.0006695933054052649,0.010999997843747772,-0.050796008001705,398765.0,0.10231038718293939,score
ATP Biosynthetic Process (GO:0006754),24,0.0006778016081313614,0.397073511408184,-0.050796008001705,256880.0,0.10231038718293939,score
Neuron Migration (GO:0001764),55,0.0007196535207653838,0.01641831617467822,-0.050796008001705,569139.0,0.1029104534694499,score
Negative Regulation Of Neuron Apoptotic Process (GO:0043524),74,0.0009061782317508645,0.124005766625804,-0.050796008001705,757526.0,0.12307277647652941,score
Regulation Of Plasma Membrane Bounded Cell Projection Assembly (GO:0120032),75,0.0009512433956595942,0.17988102704327458,-0.050796008001705,767262.0,0.12307277647652941,score
Regulation Of Heart Rate By Cardiac Conduction (GO:0086091),40,0.001064944396921098,0.30995223509660447,-0.050796008001705,417614.0,0.13135009997668715,score
"Chemical Synaptic Transmission, Postsynaptic (GO:0099565)",25,0.001145304385879463,0.0076423722509444255,-0.050796008001705,265904.0,0.13135009997668715,score
Heart Contraction (GO:0060047),41,0.00116025115916102,1.411982587831393,-0.050796008001705,427415.0,0.13135009997668715,score
Positive Regulation Of Ossification (GO:0045778),41,0.0012922009429975597,0.00647833887944635,-0.050796008001705,427100.0,0.1404363984849748,score
Calcium Ion Transmembrane Transport (GO:0070588),80,0.0016132477594805992,0.20909201637133817,-0.050796008001705,814673.0,0.16858439086572263,score
Positive Regulation Of Biomineral Tissue Development (GO:0070169),43,0.001903020806070584,0.0038144157686951243,-0.050796008001705,445985.0,0.1859333869141481,score
Clathrin-Dependent Endocytosis (GO:0072583),27,0.0019746016661560672,0.05894621124172906,-0.050796008001705,284891.0,0.1859333869141481,score
Membrane Repolarization During Action Potential (GO:0086011),14,0.0019845668827789087,0.9197234655996358,-0.050796008001705,152375.0,0.1859333869141481,score
Regulation Of Cardiac Muscle Cell Action Potential (GO:0098901),28,0.0024586740043039588,-0.002600957804188671,-0.050796008001705,294446.0,0.21835425623326002,score
Positive Regulation Of Calcium Ion Transport (GO:0051928),28,0.002491344108660677,0.06763841733973767,-0.050796008001705,294412.0,0.21835425623326002,score
Alpha-Amino Acid Catabolic Process (GO:1901606),29,0.00265434868076353,0.43012480094171157,-0.050796008001705,304340.0,0.2210596620154934,score
Cardiac Conduction (GO:0061337),45,0.002741904143677814,0.2698690969745702,-0.050796008001705,464824.0,0.2210596620154934,score
Regulation Of Neuron Apoptotic Process (GO:0043523),105,0.0027879066148422406,0.07985439460789139,-0.050796008001705,1058592.0,0.2210596620154934,score
Regulation Of Amyloid Fibril Formation (GO:1905906),15,0.0028476585095849353,0.7565818727351468,-0.050796008001705,161980.0,0.2210596620154934,score
Calcium-Mediated Signaling (GO:0019722),85,0.0030307755938770867,0.10080315938390766,-0.050796008001705,861313.0,0.22873936912677903,score
Regulation Of Voltage-Gated Calcium Channel Activity (GO:1901385),29,0.0031235722070213,0.21645646873335206,-0.050796008001705,303907.0,0.22937150503991546,score
Response To Alcohol (GO:0097305),29,0.0032820021379401597,0.04444317284065979,-0.050796008001705,303774.0,0.23205504248571773,score
Negative Regulation Of Immune Effector Process (GO:0002698),15,0.0033309336241969054,0.05583326393672466,-0.050796008001705,161678.0,0.23205504248571773,score
Negative Regulation Of Calcium Ion Transmembrane Transporter Activity (GO:1901020),30,0.0034653598667559755,0.5162339087486146,-0.050796008001705,313699.0,0.23538456894939963,score
Lysosomal Lumen Acidification (GO:0007042),16,0.004268095633575436,0.3582109597924519,-0.050796008001705,171406.0,0.273126452280473,score
Negative Regulation Of Neuron Death (GO:1901215),88,0.004359475609571221,0.09619639338960934,-0.050796008001705,889175.0,0.273126452280473,score
Response To UV-B (GO:0010224),16,0.004368716963223846,0.20208180901175143,-0.050796008001705,171358.0,0.273126452280473,score
Cellular Response To Alkaloid (GO:0071312),16,0.004458493890380513,0.36793820688876183,-0.050796008001705,171316.0,0.273126452280473,score
Cell Surface Toll-Like Receptor Signaling Pathway (GO:0140895),16,0.004523625451829697,0.14497300783536246,-0.050796008001705,171286.0,0.273126452280473,score
Positive Regulation Of Positive Chemotaxis (GO:0050927),16,0.004669913842975394,0.09210580763686625,-0.050796008001705,171220.0,0.2758294763340031,score
Activation Of Cysteine-Type Endopeptidase Activity (GO:0097202),16,0.004972833343786022,-0.017793290807274414,-0.050796008001705,171089.0,0.2874720892567366,score
Membrane Depolarization During Cardiac Muscle Cell Action Potential (GO:0086012),16,0.005198384161911948,0.00830337672825748,-0.050796008001705,170996.0,0.29425020349822417,score
Proteoglycan Biosynthetic Process (GO:0030166),32,0.005651383216136519,0.00862769331441239,-0.050796008001705,332393.0,0.3133634326172025,score
Cellular Response To Vascular Endothelial Growth Factor Stimulus (GO:0035924),32,0.005912907496800919,0.02916716187908109,-0.050796008001705,332257.0,0.3160620486599008,score
Reticulophagy (GO:0061709),16,6.856532686404698e-11,0.21242606335311873,-0.0162557086065389,182989.0,1.8629199308961565e-07,CAGE
Regulation Of Adenylate Cyclase Activity (GO:0045761),17,3.3340794043674957e-10,0.11892334452916925,-0.0162557086065389,192461.0,4.529346870833243e-07,CAGE
Regulation Of Smooth Muscle Contraction (GO:0006940),20,1.0693033345437346e-08,-0.00717454190694117,-0.0162557086065389,221143.0,9.684323866517755e-06,CAGE
Negative Regulation Of Immune Effector Process (GO:0002698),15,9.110560696971716e-06,0.05639734934502077,-0.0162557086065389,163556.0,0.006188348353418038,CAGE
Organelle Disassembly (GO:1903008),54,1.5975473147349478e-05,0.0526167020933574,-0.0162557086065389,556449.0,0.007099473777929103,CAGE
Lysosomal Lumen Acidification (GO:0007042),16,1.7723952362586135e-05,0.26176909394166575,-0.0162557086065389,173205.0,0.007099473777929103,CAGE
Regulation Of Cardiac Muscle Contraction By Regulation Of The Release Of Sequestered Calcium Ion (GO:0010881),16,1.8290878338426103e-05,0.17960110831292317,-0.0162557086065389,173174.0,0.007099473777929103,CAGE
Membrane Depolarization During Cardiac Muscle Cell Action Potential (GO:0086012),16,2.1696906385185958e-05,-0.002629430269225955,-0.0162557086065389,173005.0,0.007107218232669762,CAGE
DNA Damage Checkpoint Signaling (GO:0000077),34,2.5855916670054325e-05,0.006948719980592042,-0.0162557086065389,355374.0,0.007107218232669762,CAGE
Skeletal Muscle Organ Development (GO:0060538),34,2.615832989572971e-05,0.07008099341862034,-0.0162557086065389,355357.0,0.007107218232669762,CAGE
G Protein-Coupled Acetylcholine Receptor Signaling Pathway (GO:0007213),17,3.874315830225015e-05,-0.00779818893656933,-0.0162557086065389,182650.0,0.009569560100655787,CAGE
Positive Regulation Of DNA Replication (GO:0045740),18,7.039003217091937e-05,-0.0024969781285019326,-0.0162557086065389,192204.0,0.015558046837609838,CAGE
Positive Regulation Of G Protein-Coupled Receptor Signaling Pathway (GO:0045745),18,7.444041549095616e-05,-0.01478070046419742,-0.0162557086065389,192141.0,0.015558046837609838,CAGE
RNA Destabilization (GO:0050779),19,0.000102164427245897,0.10922500655694102,-0.0162557086065389,201950.0,0.019827196344793012,CAGE
Regulation Of Cardiac Muscle Contraction By Calcium Ion Signaling (GO:0010882),20,0.00016354926526290938,0.14042974492903076,-0.0162557086065389,211528.0,0.02962422358128832,CAGE
DNA Integrity Checkpoint Signaling (GO:0031570),42,0.00022844431992342302,0.002528828821138528,-0.0162557086065389,431922.0,0.03845876657725969,CAGE
Positive Regulation Of Vacuole Organization (GO:0044090),21,0.0002454653620274576,0.1090123462486858,-0.0162557086065389,221132.0,0.03845876657725969,CAGE
Positive Regulation Of Translational Initiation (GO:0045948),21,0.0002547875592162953,0.025524763954360805,-0.0162557086065389,221083.0,0.03845876657725969,CAGE
Acetylcholine Receptor Signaling Pathway (GO:0095500),21,0.00027133487327052255,-0.009409145064182584,-0.0162557086065389,221000.0,0.03880088687768472,CAGE
Cell-Cell Junction Assembly (GO:0007043),70,0.00030032583747939545,0.16010827214203927,-0.0162557086065389,709076.0,0.04079926502157587,CAGE
Negative Regulation Of Protein Localization To Nucleus (GO:1900181),22,0.00035127577504838405,0.317357557267157,-0.0162557086065389,230751.0,0.043090634629485675,CAGE
Regulation Of Release Of Sequestered Calcium Ion Into Cytosol By Sarcoplasmic Reticulum (GO:0010880),22,0.0003647716586228084,0.12618561278943352,-0.0162557086065389,230699.0,0.043090634629485675,CAGE
Regulation Of Intracellular Steroid Hormone Receptor Signaling Pathway (GO:0033143),22,0.0003647716586228084,0.07200575393243593,-0.0162557086065389,230699.0,0.043090634629485675,CAGE
Regulation Of Lysosomal Lumen pH (GO:0035751),23,0.0005066178496923636,0.17715284968786432,-0.0162557086065389,240314.0,0.056255080053195974,CAGE
Regulation Of mRNA Catabolic Process (GO:0061013),46,0.0005328244172425645,0.03557618764142992,-0.0162557086065389,470093.0,0.056255080053195974,CAGE
Stress Granule Assembly (GO:0034063),23,0.0005383261249109662,0.015684429410033212,-0.0162557086065389,240226.0,0.056255080053195974,CAGE
Regulation Of Intracellular Estrogen Receptor Signaling Pathway (GO:0033146),25,0.0009599697525025752,0.06141437842775895,-0.0162557086065389,259448.0,0.09660140064998136,CAGE
Cell-Cell Adhesion Mediated By Cadherin (GO:0044331),25,0.001007666319883252,-0.005806116027505921,-0.0162557086065389,259371.0,0.09777962111152841,CAGE
Negative Regulation Of Telomere Maintenance Via Telomere Lengthening (GO:1904357),25,0.0010615076836365134,-0.009464291157347425,-0.0162557086065389,259288.0,0.09945228884277266,CAGE
Regulation Of Cell Development (GO:0060284),51,0.0011416797357118368,0.04840324363990741,-0.0162557086065389,518039.0,0.10339812806430203,CAGE
Positive Regulation Of Adenylate Cyclase Activity (GO:0045762),26,0.0012664821947914215,0.07179763747953728,-0.0162557086065389,269024.0,0.10798824130614718,CAGE
Regulation Of Cardiac Muscle Cell Contraction (GO:0086004),26,0.0012718526764065917,0.04448802453175075,-0.0162557086065389,269017.0,0.10798824130614718,CAGE
Cellular Response To Ionizing Radiation (GO:0071479),52,0.001377961842867929,-0.005004021461806448,-0.0162557086065389,527501.0,0.11345219172945947,CAGE
Vacuolar Acidification (GO:0007035),27,0.0015991751101586214,0.14849972994054533,-0.0162557086065389,278640.0,0.12779290512649924,CAGE
Clathrin-Dependent Endocytosis (GO:0072583),27,0.001721308849446932,0.1266117535061436,-0.0162557086065389,278513.0,0.13362274696992327,CAGE
Eye Development (GO:0001654),55,0.002025435542976714,0.0331560654884348,-0.0162557086065389,556225.0,0.15286412139632588,CAGE
Positive Regulation Of Calcium Ion Transport (GO:0051928),28,0.0022125484491177867,0.05774145086317314,-0.0162557086065389,288062.0,0.16247281449332504,CAGE
Regulation Of Calcium Ion Transport (GO:0051924),56,0.00240264049222584,0.03607812453960091,-0.0162557086065389,565666.0,0.17178879519414758,CAGE
Signal Transduction In Response To DNA Damage (GO:0042770),57,0.00265344222486246,-0.0024144705019344763,-0.0162557086065389,575277.0,0.1843991546491669,CAGE
Regulation Of Voltage-Gated Calcium Channel Activity (GO:1901385),29,0.002761926612852989,0.030705344100684803,-0.0162557086065389,297633.0,0.1843991546491669,CAGE
Regulation Of Muscle Contraction (GO:0006937),29,0.0027826151419270673,-0.013979816689281565,-0.0162557086065389,297619.0,0.1843991546491669,CAGE
Selective Autophagy (GO:0061912),58,0.0028978420637737735,0.04682891814095286,-0.0162557086065389,584908.0,0.1874627830303177,CAGE
Homophilic Cell Adhesion Via Plasma Membrane Adhesion Molecules (GO:0007156),58,0.0031734539511944367,-0.013718539517475932,-0.0162557086065389,584665.0,0.20051800896268104,CAGE
Negative Regulation Of DNA Biosynthetic Process (GO:2000279),31,0.004153908419733887,-0.010778759050739325,-0.0162557086065389,316759.0,0.25650384491856754,CAGE
Regulation Of Translational Initiation (GO:0006446),64,0.005511889002352159,0.06687471168448854,-0.0162557086065389,642170.0,0.32632290748681514,CAGE
Regulation Of Lamellipodium Assembly (GO:0010591),33,0.00552478974766047,0.017794819196352504,-0.0162557086065389,336042.0,0.32632290748681514,CAGE
Positive Regulation Of Release Of Sequestered Calcium Ion Into Cytosol (GO:0051281),33,0.0057390893699320435,0.07213076102831038,-0.0162557086065389,335960.0,0.33176820889585873,CAGE
Regulation Of Metal Ion Transport (GO:0010959),34,0.0063611759206616166,0.06993304715900074,-0.0162557086065389,345659.0,0.3505558881985967,CAGE
Adherens Junction Organization (GO:0034332),34,0.006439045014803833,0.17699681990457625,-0.0162557086065389,345632.0,0.3505558881985967,CAGE
Embryonic Limb Morphogenesis (GO:0030326),34,0.006544181878001011,-0.002698511959924811,-0.0162557086065389,345596.0,0.3505558881985967,CAGE
Reticulophagy (GO:0061709),16,6.741852227588766e-11,0.8304786779510046,-0.0370925028034754,183000.0,1.8317612502358677e-07,CTCF
Regulation Of Adenylate Cyclase Activity (GO:0045761),17,3.4113861044898757e-10,0.2261455267219472,-0.0370925028034754,192445.0,4.6343680229494965e-07,CTCF
Regulation Of Smooth Muscle Contraction (GO:0006940),20,9.062737622993722e-09,0.8108419875137762,-0.0370925028034754,221280.0,8.207819373891314e-06,CTCF
Negative Regulation Of Immune Effector Process (GO:0002698),15,9.17997131036835e-06,0.23090285704546307,-0.0370925028034754,163549.0,0.006235495512567702,CTCF
Organelle Disassembly (GO:1903008),54,1.575458695482263e-05,0.22357467223694522,-0.0370925028034754,556474.0,0.006921503557654942,CTCF
Lysosomal Lumen Acidification (GO:0007042),16,1.7544660757526548e-05,1.0130005176445513,-0.0370925028034754,173215.0,0.006921503557654942,CTCF
Regulation Of Cardiac Muscle Contraction By Regulation Of The Release Of Sequestered Calcium Ion (GO:0010881),16,1.783236102450666e-05,0.88974615872536,-0.0370925028034754,173199.0,0.006921503557654942,CTCF
Membrane Depolarization During Cardiac Muscle Cell Action Potential (GO:0086012),16,2.105134562014428e-05,0.06745204901540032,-0.0370925028034754,173035.0,0.0071495632562415005,CTCF
DNA Damage Checkpoint Signaling (GO:0000077),34,2.5556818749588585e-05,0.05300137925180002,-0.0370925028034754,355391.0,0.007249488895522546,CTCF
Skeletal Muscle Organ Development (GO:0060538),34,2.6681961337955636e-05,0.0687724565617286,-0.0370925028034754,355328.0,0.007249488895522546,CTCF
G Protein-Coupled Acetylcholine Receptor Signaling Pathway (GO:0007213),17,3.747953340455047e-05,0.01796639207257319,-0.0370925028034754,182685.0,0.009257444750923965,CTCF
Positive Regulation Of DNA Replication (GO:0045740),18,6.958049282927567e-05,-0.009985895354035006,-0.0370925028034754,192217.0,0.015176300499721533,CTCF
Positive Regulation Of G Protein-Coupled Receptor Signaling Pathway (GO:0045745),18,7.261387798909824e-05,-0.03284491947227249,-0.0370925028034754,192169.0,0.015176300499721533,CTCF
RNA Destabilization (GO:0050779),19,0.00010312031150280501,0.17570566661412393,-0.0370925028034754,201939.0,0.020012706168080086,CTCF
Regulation Of Cardiac Muscle Contraction By Calcium Ion Signaling (GO:0010882),20,0.00016030240951412465,0.704378426419593,-0.0370925028034754,211553.0,0.029036109776658447,CTCF
DNA Integrity Checkpoint Signaling (GO:0031570),42,0.00022635049201826746,0.03584063981269995,-0.0370925028034754,431939.0,0.037786122177532314,CTCF
Positive Regulation Of Vacuole Organization (GO:0044090),21,0.00024267584289979638,0.47179690287556786,-0.0370925028034754,221147.0,0.037786122177532314,CTCF
Positive Regulation Of Translational Initiation (GO:0045948),21,0.00025285867571107874,0.06457940348490626,-0.0370925028034754,221093.0,0.037786122177532314,CTCF
Acetylcholine Receptor Signaling Pathway (GO:0095500),21,0.0002642386166261001,0.007478983524754411,-0.0370925028034754,221035.0,0.037786122177532314,CTCF
Cell-Cell Junction Assembly (GO:0007043),70,0.00028997853674718205,0.687617682175514,-0.0370925028034754,709161.0,0.039393584217104684,CTCF
Negative Regulation Of Protein Localization To Nucleus (GO:1900181),22,0.00035102084595898674,1.0957656405354639,-0.0370925028034754,230752.0,0.04284171354746163,CTCF
Regulation Of Release Of Sequestered Calcium Ion Into Cytosol By Sarcoplasmic Reticulum (GO:0010880),22,0.0003582242399743535,0.636971978308405,-0.0370925028034754,230724.0,0.04284171354746163,CTCF
Regulation Of Intracellular Steroid Hormone Receptor Signaling Pathway (GO:0033143),22,0.0003626644871518651,0.2827998870872961,-0.0370925028034754,230707.0,0.04284171354746163,CTCF
Regulation Of Lysosomal Lumen pH (GO:0035751),23,0.0005031261646240475,0.6934069896821086,-0.0370925028034754,240324.0,0.056255080053195974,CTCF
Regulation Of mRNA Catabolic Process (GO:0061013),46,0.0005207480324863337,0.05094132199501692,-0.0370925028034754,470140.0,0.056255080053195974,CTCF
Stress Granule Assembly (GO:0034063),23,0.0005383261249109662,0.022795291696975032,-0.0370925028034754,240226.0,0.056255080053195974,CTCF
Regulation Of Intracellular Estrogen Receptor Signaling Pathway (GO:0033146),25,0.0009551350399847214,0.24441280030040358,-0.0370925028034754,259456.0,0.09611488531994401,CTCF
Cell-Cell Adhesion Mediated By Cadherin (GO:0044331),25,0.0010007219229216993,-0.00010619818543797455,-0.0370925028034754,259382.0,0.0971057665920806,CTCF
Negative Regulation Of Telomere Maintenance Via Telomere Lengthening (GO:1904357),25,0.0010515861280461618,-0.024964603349401905,-0.0370925028034754,259303.0,0.09852274172073866,CTCF
Regulation Of Cell Development (GO:0060284),51,0.00114118231053143,0.11754154472043805,-0.0370925028034754,518040.0,0.10335307792379651,CTCF
Positive Regulation Of Adenylate Cyclase Activity (GO:0045762),26,0.0012611324624549228,0.13499729694922433,-0.0370925028034754,269031.0,0.10877405035971456,CTCF
Regulation Of Cardiac Muscle Cell Contraction (GO:0086004),26,0.001281107696544301,0.051428278281895896,-0.0370925028034754,269005.0,0.10877405035971456,CTCF
Cellular Response To Ionizing Radiation (GO:0071479),52,0.001363981099435648,0.01373563241782627,-0.0370925028034754,527525.0,0.1123011105202017,CTCF
Vacuolar Acidification (GO:0007035),27,0.0015899019916609572,0.5851848426472073,-0.0370925028034754,278650.0,0.12705187386302413,CTCF
Clathrin-Dependent Endocytosis (GO:0072583),27,0.0017034971310236474,0.572413975869418,-0.0370925028034754,278531.0,0.13224004871403572,CTCF
Eye Development (GO:0001654),55,0.0020408446727045127,0.7828665307826217,-0.0370925028034754,556206.0,0.15402708265939338,CTCF
Positive Regulation Of Calcium Ion Transport (GO:0051928),28,0.0022186882010093983,0.06297564470341974,-0.0370925028034754,288057.0,0.1629236714092577,CTCF
Regulation Of Calcium Ion Transport (GO:0051924),56,0.0024393601787567752,0.018181874024381605,-0.0370925028034754,565627.0,0.17441425278110942,CTCF
Regulation Of Muscle Contraction (GO:0006937),29,0.0025474488296827295,0.5451766834546548,-0.0370925028034754,297784.0,0.17747226846789682,CTCF
Signal Transduction In Response To DNA Damage (GO:0042770),57,0.0026362561546255333,0.01664770754528538,-0.0370925028034754,575294.0,0.17906769930293934,CTCF
Regulation Of Voltage-Gated Calcium Channel Activity (GO:1901385),29,0.002797478166951578,-0.01539892884338835,-0.0370925028034754,297609.0,0.1853841019416448,CTCF
Selective Autophagy (GO:0061912),58,0.002885892535319978,0.2022374780943122,-0.0370925028034754,584919.0,0.18668976234439003,CTCF
Homophilic Cell Adhesion Via Plasma Membrane Adhesion Molecules (GO:0007156),58,0.0031475639116570896,-0.0229054436464131,-0.0370925028034754,584687.0,0.19888211972028633,CTCF
Negative Regulation Of DNA Biosynthetic Process (GO:2000279),31,0.004123174867508701,-0.027311938727609685,-0.0370925028034754,316774.0,0.25460604806866227,CTCF
Regulation Of Translational Initiation (GO:0006446),64,0.005497164915547168,0.25821340112036295,-0.0370925028034754,642178.0,0.3302349418200661,CTCF
Positive Regulation Of Release Of Sequestered Calcium Ion Into Cytosol (GO:0051281),33,0.005699345406821374,0.36161790927474247,-0.0370925028034754,335975.0,0.3302349418200661,CTCF
Regulation Of Lamellipodium Assembly (GO:0010591),33,0.005712566163247371,-0.026993437060205405,-0.0370925028034754,335970.0,0.3302349418200661,CTCF
Adherens Junction Organization (GO:0034332),34,0.006352575457412578,0.8964580723092427,-0.0370925028034754,345662.0,0.3532204190412243,CTCF
Embryonic Limb Morphogenesis (GO:0030326),34,0.006436146002444242,0.061072550601101366,-0.0370925028034754,345633.0,0.3532204190412243,CTCF
Regulation Of Metal Ion Transport (GO:0010959),34,0.006500191737968794,0.053943438946452545,-0.0370925028034754,345611.0,0.3532204190412243,CTCF
Reticulophagy (GO:0061709),16,6.846028900462052e-11,0.5480554449294469,-0.0314474561084908,182990.0,1.8600660522555397e-07,DNase
Regulation Of Adenylate Cyclase Activity (GO:0045761),17,3.396759116989758e-10,0.25273586615474597,-0.0314474561084908,192448.0,4.6144972604305866e-07,DNase
Regulation Of Smooth Muscle Contraction (GO:0006940),20,1.0288483678781487e-08,0.08837014263854275,-0.0314474561084908,221175.0,9.317936718416432e-06,DNase
Negative Regulation Of Immune Effector Process (GO:0002698),15,9.544970467052475e-06,0.034868259198007005,-0.0314474561084908,163513.0,0.0064834211897453935,DNase
Organelle Disassembly (GO:1903008),54,1.5772150505664227e-05,0.14460801961694794,-0.0314474561084908,556472.0,0.00716576494656378,DNase
Lysosomal Lumen Acidification (GO:0007042),16,1.799615531681086e-05,0.5645081237988128,-0.0314474561084908,173190.0,0.00716576494656378,DNase
Regulation Of Cardiac Muscle Contraction By Regulation Of The Release Of Sequestered Calcium Ion (GO:0010881),16,1.8798641217358224e-05,0.28651545267808737,-0.0314474561084908,173147.0,0.00716576494656378,DNase
Membrane Depolarization During Cardiac Muscle Cell Action Potential (GO:0086012),16,2.1938283097792088e-05,-0.022238099129591078,-0.0314474561084908,172994.0,0.00716576494656378,DNase
DNA Damage Checkpoint Signaling (GO:0000077),34,2.5749975899462875e-05,0.021001265050322276,-0.0314474561084908,355380.0,0.00716576494656378,DNase
Skeletal Muscle Organ Development (GO:0060538),34,2.637381283240258e-05,0.20940401125152003,-0.0314474561084908,355345.0,0.00716576494656378,DNase
G Protein-Coupled Acetylcholine Receptor Signaling Pathway (GO:0007213),17,4.038890462107385e-05,-0.02782111757123247,-0.0314474561084908,182606.0,0.009976059441405241,DNase
Positive Regulation Of DNA Replication (GO:0045740),18,6.914822757178135e-05,0.012001692906098788,-0.0314474561084908,192224.0,0.015270901452919256,DNase
Positive Regulation Of G Protein-Coupled Receptor Signaling Pathway (GO:0045745),18,7.306651412880026e-05,-0.021033300394626565,-0.0314474561084908,192162.0,0.015270901452919256,DNase
RNA Destabilization (GO:0050779),19,0.00010113114014881365,0.3142546799330024,-0.0314474561084908,201962.0,0.01962666484173762,DNase
Regulation Of Cardiac Muscle Contraction By Calcium Ion Signaling (GO:0010882),20,0.00016712494051865243,0.2229228709207718,-0.0314474561084908,211501.0,0.030271897559278577,DNase
DNA Integrity Checkpoint Signaling (GO:0031570),42,0.00022770326666429926,0.011011032448643593,-0.0314474561084908,431928.0,0.03787851403852253,DNase
Positive Regulation Of Vacuole Organization (GO:0044090),21,0.0002486629523723028,0.1996754215883169,-0.0314474561084908,221115.0,0.03787851403852253,DNase
Positive Regulation Of Translational Initiation (GO:0045948),21,0.00025094341284262255,0.10405586988298304,-0.0314474561084908,221103.0,0.03787851403852253,DNase
Acetylcholine Receptor Signaling Pathway (GO:0095500),21,0.0002805078111891369,-0.028511848721186433,-0.0314474561084908,220956.0,0.04011261700004658,DNase
Cell-Cell Junction Assembly (GO:0007043),70,0.0003056902846219686,0.2882836436656217,-0.0314474561084908,709033.0,0.04152802516589443,DNase
Negative Regulation Of Protein Localization To Nucleus (GO:1900181),22,0.0003540913730171513,0.5048623662684479,-0.0314474561084908,230740.0,0.04394069659560428,DNase
Regulation Of Intracellular Steroid Hormone Receptor Signaling Pathway (GO:0033143),22,0.00036371665534301953,0.2090302030915997,-0.0314474561084908,230703.0,0.04394069659560428,DNase
Regulation Of Release Of Sequestered Calcium Ion Into Cytosol By Sarcoplasmic Reticulum (GO:0010880),22,0.0003719676193223771,0.19979829573629343,-0.0314474561084908,230672.0,0.04394069659560428,DNase
Regulation Of Lysosomal Lumen pH (GO:0035751),23,0.0005118974527214774,0.38313033860963325,-0.0314474561084908,240299.0,0.055371009525783,DNase
Regulation Of mRNA Catabolic Process (GO:0061013),46,0.0005258556257492274,0.11135058778577447,-0.0314474561084908,470120.0,0.055371009525783,DNase
Stress Granule Assembly (GO:0034063),23,0.0005298661198639521,0.07104508296770988,-0.0314474561084908,240249.0,0.055371009525783,DNase
Regulation Of Intracellular Estrogen Receptor Signaling Pathway (GO:0033146),25,0.0009575495941308458,0.18017288398758877,-0.0314474561084908,259452.0,0.09635786100938919,DNase
Negative Regulation Of Telomere Maintenance Via Telomere Lengthening (GO:1904357),25,0.0010515861280461618,-0.01857275860331565,-0.0314474561084908,259303.0,0.09864621925516373,DNase
Cell-Cell Adhesion Mediated By Cadherin (GO:0044331),25,0.0010529040700771985,-0.026008311775988727,-0.0314474561084908,259301.0,0.09864621925516373,DNase
Regulation Of Cell Development (GO:0060284),51,0.0011426751819788228,0.11444240864084873,-0.0314474561084908,518037.0,0.10348828231454872,DNase
Positive Regulation Of Adenylate Cyclase Activity (GO:0045762),26,0.001286534859233887,0.15357693389380395,-0.0314474561084908,268998.0,0.1112970702740636,DNase
Regulation Of Cardiac Muscle Cell Contraction (GO:0086004),26,0.0013108230580677347,0.003609413125722223,-0.0314474561084908,268967.0,0.1112970702740636,DNase
Cellular Response To Ionizing Radiation (GO:0071479),52,0.0013767918004629694,-0.009122109058872823,-0.0314474561084908,527503.0,0.11335585823811781,DNase
Vacuolar Acidification (GO:0007035),27,0.0016131772314379475,0.32171140605880016,-0.0314474561084908,278625.0,0.12891183934755598,DNase
Clathrin-Dependent Endocytosis (GO:0072583),27,0.0017084279234608345,0.4323375817481953,-0.0314474561084908,278526.0,0.13262281908694534,DNase
Eye Development (GO:0001654),55,0.002053084845703884,0.03003496557668672,-0.0314474561084908,556191.0,0.15495087571604035,DNase
Positive Regulation Of Calcium Ion Transport (GO:0051928),28,0.002199095162495714,0.13513884454282565,-0.0314474561084908,288073.0,0.16148490693245554,DNase
Regulation Of Calcium Ion Transport (GO:0051924),56,0.0023849332409407974,0.10001117811916181,-0.0314474561084908,565685.0,0.170522726727267,DNase
Signal Transduction In Response To DNA Damage (GO:0042770),57,0.0026473650321458195,-0.00016225401376019749,-0.0314474561084908,575283.0,0.1820766017424708,DNase
Regulation Of Muscle Contraction (GO:0006937),29,0.002680553577364311,0.049777498583399554,-0.0314474561084908,297689.0,0.1820766017424708,DNase
Regulation Of Voltage-Gated Calcium Channel Activity (GO:1901385),29,0.002781132765473704,-0.00505914996136193,-0.0314474561084908,297620.0,0.1843009200924891,DNase
Selective Autophagy (GO:0061912),58,0.002896753902477016,0.1284154131433541,-0.0314474561084908,584909.0,0.1873923893578584,DNase
Homophilic Cell Adhesion Via Plasma Membrane Adhesion Molecules (GO:0007156),58,0.0031805480539887207,-0.028319054493059312,-0.0314474561084908,584659.0,0.20096625727179893,DNase
Negative Regulation Of DNA Biosynthetic Process (GO:2000279),31,0.004123174867508701,-0.021064635539801157,-0.0314474561084908,316774.0,0.25460604806866227,DNase
Regulation Of Translational Initiation (GO:0006446),64,0.005473312805280621,0.2795532084550177,-0.0314474561084908,642191.0,0.3295238529456009,DNase
Regulation Of Lamellipodium Assembly (GO:0010591),33,0.0055789831562376305,0.06702713217112506,-0.0314474561084908,336021.0,0.3295238529456009,DNase
Positive Regulation Of Release Of Sequestered Calcium Ion Into Cytosol (GO:0051281),33,0.0057924638837671015,0.11827408627496523,-0.0314474561084908,335940.0,0.33485371004670667,DNase
Regulation Of Metal Ion Transport (GO:0010959),34,0.00634398528783591,0.18505600041588424,-0.0314474561084908,345665.0,0.35723326468884686,DNase
Adherens Junction Organization (GO:0034332),34,0.006573654710629129,0.40850443877689663,-0.0314474561084908,345586.0,0.35723326468884686,DNase
Embryonic Limb Morphogenesis (GO:0030326),34,0.006612144833870437,-0.010965033397567839,-0.0314474561084908,345573.0,0.35723326468884686,DNase
Reticulophagy (GO:0061709),16,6.598603605057474e-11,0.2818799344262884,-0.0149384794213524,183014.0,1.7928405994941155e-07,H3K27ac
Regulation Of Adenylate Cyclase Activity (GO:0045761),17,3.4457551138466805e-10,0.07138041531432486,-0.0149384794213524,192438.0,4.6810583221607154e-07,H3K27ac
Regulation Of Smooth Muscle Contraction (GO:0006940),20,1.0363187364568008e-08,0.0012623450988832787,-0.0149384794213524,221169.0,9.385593356510426e-06,H3K27ac
Negative Regulation Of Immune Effector Process (GO:0002698),15,8.973236522243106e-06,0.06089232146653364,-0.0149384794213524,163570.0,0.00609507090773363,H3K27ac
Organelle Disassembly (GO:1903008),54,1.575458695482263e-05,0.07388649326606998,-0.0149384794213524,556474.0,0.006865453557026116,H3K27ac
Regulation Of Cardiac Muscle Contraction By Regulation Of The Release Of Sequestered Calcium Ion (GO:0010881),16,1.76161697318112e-05,0.2009426556335434,-0.0149384794213524,173211.0,0.006865453557026116,H3K27ac
Lysosomal Lumen Acidification (GO:0007042),16,1.7687955428480975e-05,0.17211648077006836,-0.0149384794213524,173207.0,0.006865453557026116,H3K27ac
Membrane Depolarization During Cardiac Muscle Cell Action Potential (GO:0086012),16,2.0882298814193215e-05,0.04428599075619641,-0.0149384794213524,173043.0,0.007092150734770371,H3K27ac
DNA Damage Checkpoint Signaling (GO:0000077),34,2.5019827965289407e-05,0.029546891633159194,-0.0149384794213524,355422.0,0.007185381867360233,H3K27ac
Skeletal Muscle Organ Development (GO:0060538),34,2.6446013497829347e-05,0.028548094354622897,-0.0149384794213524,355341.0,0.007185381867360233,H3K27ac
G Protein-Coupled Acetylcholine Receptor Signaling Pathway (GO:0007213),17,3.944588832246623e-05,-0.00880464619172143,-0.0149384794213524,182631.0,0.00974313441564916,H3K27ac
Positive Regulation Of DNA Replication (GO:0045740),18,7.007762666706047e-05,-0.00590468180323553,-0.0149384794213524,192209.0,0.015448063855584612,H3K27ac
Positive Regulation Of G Protein-Coupled Receptor Signaling Pathway (GO:0045745),18,7.391418112719909e-05,-0.014150234552616834,-0.0149384794213524,192149.0,0.015448063855584612,H3K27ac
RNA Destabilization (GO:0050779),19,0.0001027717493856162,0.062033979740192625,-0.0149384794213524,201943.0,0.019945060220051374,H3K27ac
Regulation Of Cardiac Muscle Contraction By Calcium Ion Signaling (GO:0010882),20,0.00015876544115721596,0.15776642862256426,-0.0149384794213524,211565.0,0.02875771357494372,H3K27ac
DNA Integrity Checkpoint Signaling (GO:0031570),42,0.00022257837017111313,0.021073487622776037,-0.0149384794213524,431970.0,0.03779658948468215,H3K27ac
Positive Regulation Of Vacuole Organization (GO:0044090),21,0.00024249093016056854,0.14239950894280823,-0.0149384794213524,221148.0,0.03857580694535616,H3K27ac
Positive Regulation Of Translational Initiation (GO:0045948),21,0.0002555629462703021,0.01201846012259988,-0.0149384794213524,221079.0,0.03857580694535616,H3K27ac
Acetylcholine Receptor Signaling Pathway (GO:0095500),21,0.00027526108707521087,-0.009972995378317804,-0.0149384794213524,220981.0,0.03936233545175515,H3K27ac
Cell-Cell Junction Assembly (GO:0007043),70,0.00029105821020101536,0.14574979418040332,-0.0149384794213524,709152.0,0.039540257855807934,H3K27ac
Negative Regulation Of Protein Localization To Nucleus (GO:1900181),22,0.00034924115056280335,0.32125617988218935,-0.0149384794213524,230759.0,0.04256327436820065,H3K27ac
Regulation Of Release Of Sequestered Calcium Ion Into Cytosol By Sarcoplasmic Reticulum (GO:0010880),22,0.00035512041564625467,0.14206598243675367,-0.0149384794213524,230736.0,0.04256327436820065,H3K27ac
Regulation Of Intracellular Steroid Hormone Receptor Signaling Pathway (GO:0033143),22,0.00036030743852359773,0.09237065465773141,-0.0149384794213524,230716.0,0.04256327436820065,H3K27ac
Regulation Of Lysosomal Lumen pH (GO:0035751),23,0.0005059177233650357,0.11518671027702727,-0.0149384794213524,240316.0,0.056604561016518784,H3K27ac
Regulation Of mRNA Catabolic Process (GO:0061013),46,0.0005210023179655593,0.0169037047414441,-0.0149384794213524,470139.0,0.056604561016518784,H3K27ac
Stress Granule Assembly (GO:0034063),23,0.000541670440349462,0.002368457254897817,-0.0149384794213524,240217.0,0.056604561016518784,H3K27ac
Regulation Of Intracellular Estrogen Receptor Signaling Pathway (GO:0033146),25,0.0009497227233850605,0.07949355856824133,-0.0149384794213524,259465.0,0.09557024590508183,H3K27ac
Cell-Cell Adhesion Mediated By Cadherin (GO:0044331),25,0.0009906993655588545,0.0023089169457900503,-0.0149384794213524,259398.0,0.09613322057940742,H3K27ac
Negative Regulation Of Telomere Maintenance Via Telomere Lengthening (GO:1904357),25,0.0010450190839601935,-0.0057679384809874445,-0.0149384794213524,259313.0,0.09790747762482226,H3K27ac
Regulation Of Cell Development (GO:0060284),51,0.00114118231053143,0.03169447759618328,-0.0149384794213524,518040.0,0.10335307792379651,H3K27ac
Positive Regulation Of Adenylate Cyclase Activity (GO:0045762),26,0.001255043798330471,0.04149761435874078,-0.0149384794213524,269039.0,0.10766235594608299,H3K27ac
Regulation Of Cardiac Muscle Cell Contraction (GO:0086004),26,0.0012680144977087434,0.03242816948149551,-0.0149384794213524,269022.0,0.10766235594608299,H3K27ac
Cellular Response To Ionizing Radiation (GO:0071479),52,0.0013472606607373148,0.010893893590617114,-0.0149384794213524,527554.0,0.11092446106737225,H3K27ac
Vacuolar Acidification (GO:0007035),27,0.0015973165526766038,0.09590890439578584,-0.0149384794213524,278642.0,0.1276443845183039,H3K27ac
Clathrin-Dependent Endocytosis (GO:0072583),27,0.001709415639705577,0.09351802537193674,-0.0149384794213524,278525.0,0.1326994940880015,H3K27ac
Eye Development (GO:0001654),55,0.0020473644983169956,0.15280676251247743,-0.0149384794213524,556198.0,0.1545191483868688,H3K27ac
Positive Regulation Of Calcium Ion Transport (GO:0051928),28,0.0022334866491680047,0.0036283427340801566,-0.0149384794213524,288045.0,0.16401035745376943,H3K27ac
Regulation Of Calcium Ion Transport (GO:0051924),56,0.0024555244854974367,-0.0035056549182512996,-0.0149384794213524,565610.0,0.17557000071306672,H3K27ac
Signal Transduction In Response To DNA Damage (GO:0042770),57,0.002605175501970435,0.01159665419011066,-0.0149384794213524,575325.0,0.1812991124185754,H3K27ac
Regulation Of Muscle Contraction (GO:0006937),29,0.0026691072862506503,-0.004016119795965725,-0.0149384794213524,297697.0,0.1812991124185754,H3K27ac
Regulation Of Voltage-Gated Calcium Channel Activity (GO:1901385),29,0.0028019510212734847,-0.005143118954327077,-0.0149384794213524,297606.0,0.18568051036097705,H3K27ac
Selective Autophagy (GO:0061912),58,0.0028707483116159334,0.06694246232972093,-0.0149384794213524,584933.0,0.18571007530144026,H3K27ac
Homophilic Cell Adhesion Via Plasma Membrane Adhesion Molecules (GO:0007156),58,0.003146391621851874,-0.010697225331595032,-0.0149384794213524,584688.0,0.19880804736212887,H3K27ac
Negative Regulation Of DNA Biosynthetic Process (GO:2000279),31,0.00410279903151998,-0.007542881888800016,-0.0149384794213524,316784.0,0.25334784019635875,H3K27ac
Regulation Of Translational Initiation (GO:0006446),64,0.00553959113664013,0.03305044440418175,-0.0149384794213524,642155.0,0.33100078734768335,H3K27ac
Regulation Of Lamellipodium Assembly (GO:0010591),33,0.0056414962043816914,-0.005914812729768153,-0.0149384794213524,335997.0,0.33100078734768335,H3K27ac
Positive Regulation Of Release Of Sequestered Calcium Ion Into Cytosol (GO:0051281),33,0.005725814135201001,0.061023434788517024,-0.0149384794213524,335965.0,0.33100078734768335,H3K27ac
Embryonic Limb Morphogenesis (GO:0030326),34,0.0063583079551987375,0.036851778372907734,-0.0149384794213524,345660.0,0.3535167952676723,H3K27ac
Adherens Junction Organization (GO:0034332),34,0.006375532929008444,0.15386907264254698,-0.0149384794213524,345654.0,0.3535167952676723,H3K27ac
Regulation Of Metal Ion Transport (GO:0010959),34,0.006532425505158559,0.0038902299821307394,-0.0149384794213524,345600.0,0.3549720019503161,H3K27ac
Reticulophagy (GO:0061709),16,7.379667593393801e-11,0.11839419611956949,-0.013886503291381,182941.0,2.0050556851250957e-07,H3K4me1
Regulation Of Adenylate Cyclase Activity (GO:0045761),17,3.80856257371838e-10,0.10239613559599398,-0.013886503291381,192368.0,5.17393225639642e-07,H3K4me1
Regulation Of Smooth Muscle Contraction (GO:0006940),20,1.2896885751701744e-08,-0.013790908060180263,-0.013886503291381,220987.0,1.1680279529124545e-05,H3K4me1
Negative Regulation Of Immune Effector Process (GO:0002698),15,9.209872673879882e-06,0.0045050534711615796,-0.013886503291381,163546.0,0.00625580601373291,H3K4me1
Organelle Disassembly (GO:1903008),54,1.6289661853778156e-05,0.026094250764713094,-0.013886503291381,556414.0,0.00701544540974082,H3K4me1
Lysosomal Lumen Acidification (GO:0007042),16,1.8142948609114877e-05,0.11179831915067404,-0.013886503291381,173182.0,0.00701544540974082,H3K4me1
Regulation Of Cardiac Muscle Contraction By Regulation Of The Release Of Sequestered Calcium Ion (GO:0010881),16,1.9300223595568166e-05,0.06701640253587378,-0.013886503291381,173121.0,0.00701544540974082,H3K4me1
Membrane Depolarization During Cardiac Muscle Cell Action Potential (GO:0086012),16,2.2632305091365138e-05,-0.013472855671419239,-0.013886503291381,172963.0,0.00701544540974082,H3K4me1
DNA Damage Checkpoint Signaling (GO:0000077),34,2.5382413691435978e-05,0.008962750459931433,-0.013886503291381,355401.0,0.00701544540974082,H3K4me1
Skeletal Muscle Organ Development (GO:0060538),34,2.5820557268092823e-05,0.06400233383149583,-0.013886503291381,355376.0,0.00701544540974082,H3K4me1
G Protein-Coupled Acetylcholine Receptor Signaling Pathway (GO:0007213),17,4.379821460189476e-05,-0.013869554319419136,-0.013886503291381,182520.0,0.010818159006668007,H3K4me1
Positive Regulation Of DNA Replication (GO:0045740),18,6.964245239048574e-05,-0.0012752194872176935,-0.013886503291381,192216.0,0.015768211928745814,H3K4me1
Positive Regulation Of G Protein-Coupled Receptor Signaling Pathway (GO:0045745),18,7.590580659807483e-05,-0.013862782787954383,-0.013886503291381,192119.0,0.01586431357899764,H3K4me1
RNA Destabilization (GO:0050779),19,0.00010130267011686705,0.07912380969234982,-0.013886503291381,201960.0,0.019659953907680557,H3K4me1
Regulation Of Cardiac Muscle Contraction By Calcium Ion Signaling (GO:0010882),20,0.00017063720505978465,0.05083582137042281,-0.013886503291381,211475.0,0.03090808574316233,H3K4me1
DNA Integrity Checkpoint Signaling (GO:0031570),42,0.00022512720880751844,0.004610511650157638,-0.013886503291381,431949.0,0.03822941414562672,H3K4me1
Positive Regulation Of Translational Initiation (GO:0045948),21,0.0002520909410427178,0.010779719154209024,-0.013886503291381,221097.0,0.039855134268244406,H3K4me1
Positive Regulation Of Vacuole Organization (GO:0044090),21,0.0002640384309269044,-0.007017878210635128,-0.013886503291381,221036.0,0.039855134268244406,H3K4me1
Acetylcholine Receptor Signaling Pathway (GO:0095500),21,0.00029927633662561634,-0.013872782695030924,-0.013886503291381,220870.0,0.04279651613746314,H3K4me1
Cell-Cell Junction Assembly (GO:0007043),70,0.0003161681386550716,0.00015246488908779275,-0.013886503291381,708951.0,0.04295144163629148,H3K4me1
Regulation Of Intracellular Steroid Hormone Receptor Signaling Pathway (GO:0033143),22,0.00035796462843476994,0.08166721746140317,-0.013886503291381,230725.0,0.04446573343729769,H3K4me1
Negative Regulation Of Protein Localization To Nucleus (GO:1900181),22,0.0003600464245935036,0.07511686144891774,-0.013886503291381,230717.0,0.04446573343729769,H3K4me1
Regulation Of Release Of Sequestered Calcium Ion Into Cytosol By Sarcoplasmic Reticulum (GO:0010880),22,0.0003790214686377838,0.044951973673895196,-0.013886503291381,230646.0,0.04477397088212429,H3K4me1
Regulation Of Lysosomal Lumen pH (GO:0035751),23,0.0005147340182435756,0.07354641666830944,-0.013886503291381,240291.0,0.05548558961382486,H3K4me1
Regulation Of mRNA Catabolic Process (GO:0061013),46,0.0005284267675145074,0.02453128026816916,-0.013886503291381,470110.0,0.05548558961382486,H3K4me1
Stress Granule Assembly (GO:0034063),23,0.0005309625800366015,0.0046301125203171865,-0.013886503291381,240246.0,0.05548558961382486,H3K4me1
Regulation Of Intracellular Estrogen Receptor Signaling Pathway (GO:0033146),25,0.0009443385872000837,0.07020077097106907,-0.013886503291381,259474.0,0.09502844227491213,H3K4me1
Cell-Cell Adhesion Mediated By Cadherin (GO:0044331),25,0.0010378387961369636,-0.008023581630894587,-0.013886503291381,259324.0,0.0981531591295969,H3K4me1
Negative Regulation Of Telomere Maintenance Via Telomere Lengthening (GO:1904357),25,0.0010476413745889991,-0.005367434954896765,-0.013886503291381,259309.0,0.0981531591295969,H3K4me1
Regulation Of Cell Development (GO:0060284),51,0.0011476643498545655,0.023312079833571805,-0.013886503291381,518027.0,0.10394013461849516,H3K4me1
Positive Regulation Of Adenylate Cyclase Activity (GO:0045762),26,0.0012935435311055574,0.0621441133004113,-0.013886503291381,268989.0,0.11056127540057978,H3K4me1
Regulation Of Cardiac Muscle Cell Contraction (GO:0086004),26,0.0013021570897381498,0.038799478658083926,-0.013886503291381,268978.0,0.11056127540057978,H3K4me1
Cellular Response To Ionizing Radiation (GO:0071479),52,0.001360506222679624,-0.0035380934457138703,-0.013886503291381,527531.0,0.11201501233395571,H3K4me1
Vacuolar Acidification (GO:0007035),27,0.0016206906228244517,0.060593391489096045,-0.013886503291381,278617.0,0.1295122477121775,H3K4me1
Clathrin-Dependent Endocytosis (GO:0072583),27,0.001721308849446932,0.056559648948740195,-0.013886503291381,278513.0,0.13362274696992327,H3K4me1
Eye Development (GO:0001654),55,0.0021783380189150142,-0.013051645156843344,-0.013886503291381,556042.0,0.16094834605934413,H3K4me1
Positive Regulation Of Calcium Ion Transport (GO:0051928),28,0.0021917882974588636,0.05648018347262141,-0.013886503291381,288079.0,0.16094834605934413,H3K4me1
Regulation Of Calcium Ion Transport (GO:0051924),56,0.0023608936538656623,0.052617591015245546,-0.013886503291381,565711.0,0.16880389625139486,H3K4me1
Signal Transduction In Response To DNA Damage (GO:0042770),57,0.002626193733232598,-0.000257123860773583,-0.013886503291381,575304.0,0.18295816341520432,H3K4me1
Regulation Of Voltage-Gated Calcium Channel Activity (GO:1901385),29,0.0027428402420748644,0.03312407356005197,-0.013886503291381,297646.0,0.18630742344293516,H3K4me1
Regulation Of Muscle Contraction (GO:0006937),29,0.0028943096466060333,-0.013826871601887046,-0.013886503291381,297545.0,0.1908698458468932,H3K4me1
Selective Autophagy (GO:0061912),58,0.0029505092107359274,0.022604724132329473,-0.013886503291381,584860.0,0.1908698458468932,H3K4me1
Homophilic Cell Adhesion Via Plasma Membrane Adhesion Molecules (GO:0007156),58,0.0032007255778016396,-0.013632334563473392,-0.013886503291381,584642.0,0.2022411952299315,H3K4me1
Negative Regulation Of DNA Biosynthetic Process (GO:2000279),31,0.004110938527689541,-0.007016286890990487,-0.013886503291381,316780.0,0.25385045408482915,H3K4me1
Regulation Of Lamellipodium Assembly (GO:0010591),33,0.005537650344451583,-0.003911763784104588,-0.013886503291381,336037.0,0.3299404479861326,H3K4me1
Regulation Of Translational Initiation (GO:0006446),64,0.005586036292735406,-0.0036235706690135225,-0.013886503291381,642130.0,0.3299404479861326,H3K4me1
Positive Regulation Of Release Of Sequestered Calcium Ion Into Cytosol (GO:0051281),33,0.005728466999611951,0.0251440366671563,-0.013886503291381,335964.0,0.33115414548820576,H3K4me1
Regulation Of Metal Ion Transport (GO:0010959),34,0.006247346240735423,0.0956483349794619,-0.013886503291381,345699.0,0.3536258278349613,H3K4me1
Ras Protein Signal Transduction (GO:0007265),143,0.006493965841825053,0.021836575530269107,-0.013886503291381,1412306.0,0.357351552461895,H3K4me1
Adherens Junction Organization (GO:0034332),34,0.0067017295729605774,0.005192788542266394,-0.013886503291381,345543.0,0.357351552461895,H3K4me1
Reticulophagy (GO:0061709),16,7.620621340586804e-11,0.03472366159857402,-0.0106367765711457,182920.0,2.0705228182374347e-07,H3K4me3
Regulation Of Adenylate Cyclase Activity (GO:0045761),17,3.6959772162527075e-10,0.10461855182356924,-0.0106367765711457,192389.0,5.020985048279303e-07,H3K4me3
Regulation Of Smooth Muscle Contraction (GO:0006940),20,1.2576373639604871e-08,-0.010546619986373856,-0.0106367765711457,221008.0,1.1390002392935477e-05,H3K4me3
Negative Regulation Of Immune Effector Process (GO:0002698),15,9.249885508554678e-06,-0.0012506102434403537,-0.0106367765711457,163542.0,0.006282984731685765,H3K4me3
Organelle Disassembly (GO:1903008),54,1.650848878264429e-05,0.00309574632402699,-0.0106367765711457,556390.0,0.007039486664421927,H3K4me3
Lysosomal Lumen Acidification (GO:0007042),16,1.790498295017546e-05,0.08835664405684025,-0.0106367765711457,173195.0,0.007039486664421927,H3K4me3
Regulation Of Cardiac Muscle Contraction By Regulation Of The Release Of Sequestered Calcium Ion (GO:0010881),16,1.9202789413362814e-05,0.022007796785395918,-0.0106367765711457,173126.0,0.007039486664421927,H3K4me3
Membrane Depolarization During Cardiac Muscle Cell Action Potential (GO:0086012),16,2.2428698759521493e-05,-0.010264493168417464,-0.0106367765711457,172972.0,0.007039486664421927,H3K4me3
DNA Damage Checkpoint Signaling (GO:0000077),34,2.567957740632576e-05,-0.0025884399772912532,-0.0106367765711457,355384.0,0.007039486664421927,H3K4me3
Skeletal Muscle Organ Development (GO:0060538),34,2.5909041827095795e-05,0.02757282416682535,-0.0106367765711457,355371.0,0.007039486664421927,H3K4me3
G Protein-Coupled Acetylcholine Receptor Signaling Pathway (GO:0007213),17,4.342907968637201e-05,-0.010620778937454771,-0.0106367765711457,182529.0,0.010726982682533887,H3K4me3
Positive Regulation Of DNA Replication (GO:0045740),18,7.001530248425758e-05,-0.006512795248213011,-0.0106367765711457,192210.0,0.015571846430725775,H3K4me3
Positive Regulation Of G Protein-Coupled Receptor Signaling Pathway (GO:0045745),18,7.450644225227643e-05,-0.010605601102182022,-0.0106367765711457,192140.0,0.015571846430725775,H3K4me3
RNA Destabilization (GO:0050779),19,0.00010147447336522362,0.030122459273727708,-0.0106367765711457,201958.0,0.019693296009522326,H3K4me3
Regulation Of Cardiac Muscle Contraction By Calcium Ion Signaling (GO:0010882),20,0.00016995645197540583,0.015478882114087595,-0.0106367765711457,211480.0,0.030784778667811846,H3K4me3
DNA Integrity Checkpoint Signaling (GO:0031570),42,0.00022721047806789155,-0.004121456471358767,-0.0106367765711457,431932.0,0.03858317930690384,H3K4me3
Positive Regulation Of Translational Initiation (GO:0045948),21,0.0002517078891753014,0.003576195303584132,-0.0106367765711457,221099.0,0.039855134268244406,H3K4me3
Positive Regulation Of Vacuole Organization (GO:0044090),21,0.0002640384309269044,-0.005666473026348786,-0.0106367765711457,221036.0,0.039855134268244406,H3K4me3
Acetylcholine Receptor Signaling Pathway (GO:0095500),21,0.0002972587829280222,-0.010623826105776854,-0.0106367765711457,220879.0,0.04250800595870718,H3K4me3
Cell-Cell Junction Assembly (GO:0007043),70,0.00031345341702145485,-0.004266922218510096,-0.0106367765711457,708972.0,0.04258264670236464,H3K4me3
Regulation Of Intracellular Steroid Hormone Receptor Signaling Pathway (GO:0033143),22,0.0003618772173520577,0.022133667655850855,-0.0106367765711457,230710.0,0.044612595017383495,H3K4me3
Negative Regulation Of Protein Localization To Nucleus (GO:1900181),22,0.00036240188727151395,0.02167360850349904,-0.0106367765711457,230708.0,0.044612595017383495,H3K4me3
Regulation Of Release Of Sequestered Calcium Ion Into Cytosol By Sarcoplasmic Reticulum (GO:0010880),22,0.00037765538660280474,0.01310473132452093,-0.0106367765711457,230651.0,0.044612595017383495,H3K4me3
Regulation Of Lysosomal Lumen pH (GO:0035751),23,0.0005101319532471589,0.05822821169180105,-0.0106367765711457,240304.0,0.055447371901296026,H3K4me3
Regulation Of mRNA Catabolic Process (GO:0061013),46,0.0005240627189515904,0.006199359182707082,-0.0106367765711457,470127.0,0.055447371901296026,H3K4me3
Stress Granule Assembly (GO:0034063),23,0.0005305968602994835,-0.0006495438195702528,-0.0106367765711457,240247.0,0.055447371901296026,H3K4me3
Regulation Of Intracellular Estrogen Receptor Signaling Pathway (GO:0033146),25,0.0009533277951495464,0.01820121434861127,-0.0106367765711457,259459.0,0.09593302294153028,H3K4me3
Cell-Cell Adhesion Mediated By Cadherin (GO:0044331),25,0.0010410969345508727,-0.008971171844692727,-0.0106367765711457,259319.0,0.09833779118432162,H3K4me3
Negative Regulation Of Telomere Maintenance Via Telomere Lengthening (GO:1904357),25,0.0010496120516545187,-0.00709657736251212,-0.0106367765711457,259306.0,0.09833779118432162,H3K4me3
Regulation Of Cell Development (GO:0060284),51,0.0011456662931278,0.0065001767184962355,-0.0106367765711457,518031.0,0.1037591772809411,H3K4me3
Positive Regulation Of Adenylate Cyclase Activity (GO:0045762),26,0.001281107696544301,0.06472223242588727,-0.0106367765711457,269005.0,0.10982993043793124,H3K4me3
Regulation Of Cardiac Muscle Cell Contraction (GO:0086004),26,0.0012935435311055574,0.015940745108039462,-0.0106367765711457,268989.0,0.10982993043793124,H3K4me3
Cellular Response To Ionizing Radiation (GO:0071479),52,0.001367464083015537,-0.0062711249145993445,-0.0106367765711457,527519.0,0.11258787616827921,H3K4me3
Vacuolar Acidification (GO:0007035),27,0.0016084974933177603,0.04802599120840153,-0.0106367765711457,278630.0,0.12853787321601043,H3K4me3
Clathrin-Dependent Endocytosis (GO:0072583),27,0.001723298357858818,0.02306621376184413,-0.0106367765711457,278511.0,0.1337771896657831,H3K4me3
Eye Development (GO:0001654),55,0.002167140282631837,-0.01013104461056828,-0.0106367765711457,556055.0,0.1605024470070331,H3K4me3
Positive Regulation Of Calcium Ion Transport (GO:0051928),28,0.002185716061560627,0.05912856682468059,-0.0106367765711457,288084.0,0.1605024470070331,H3K4me3
Regulation Of Calcium Ion Transport (GO:0051924),56,0.002358134016725422,0.03954755636013908,-0.0106367765711457,565714.0,0.16860658219586766,H3K4me3
Signal Transduction In Response To DNA Damage (GO:0042770),57,0.002643320557579893,-0.005836014392355328,-0.0106367765711457,575287.0,0.18415133217806587,H3K4me3
Regulation Of Voltage-Gated Calcium Channel Activity (GO:1901385),29,0.0027428402420748644,0.012987738767443708,-0.0106367765711457,297646.0,0.18630742344293516,H3K4me3
Regulation Of Muscle Contraction (GO:0006937),29,0.0028820426446230277,-0.010582766306595204,-0.0106367765711457,297553.0,0.19098804549855528,H3K4me3
Selective Autophagy (GO:0061912),58,0.002973821173074011,0.0018764477515356025,-0.0106367765711457,584839.0,0.1923779077914783,H3K4me3
Homophilic Cell Adhesion Via Plasma Membrane Adhesion Molecules (GO:0007156),58,0.0032150378051939515,-0.01056238154063108,-0.0106367765711457,584630.0,0.20314552829562713,H3K4me3
Negative Regulation Of DNA Biosynthetic Process (GO:2000279),31,0.004117052629661496,-0.0077817772093444265,-0.0106367765711457,316777.0,0.2542279998815974,H3K4me3
Regulation Of Lamellipodium Assembly (GO:0010591),33,0.005519652943268706,-0.0016227602045006488,-0.0106367765711457,336044.0,0.32785369063388325,H3K4me3
Regulation Of Translational Initiation (GO:0006446),64,0.005550706576797435,-0.0029069455578268335,-0.0106367765711457,642149.0,0.32785369063388325,H3K4me3
Positive Regulation Of Release Of Sequestered Calcium Ion Into Cytosol (GO:0051281),33,0.005683516357169322,0.005024942927971839,-0.0106367765711457,335981.0,0.3285556157963627,H3K4me3
Regulation Of Metal Ion Transport (GO:0010959),34,0.006236063082261018,0.07201900832150085,-0.0106367765711457,345703.0,0.3529871540521497,H3K4me3
Ras Protein Signal Transduction (GO:0007265),143,0.00649253743711279,0.007654778425280896,-0.0106367765711457,1412307.0,0.3565515413219528,H3K4me3
Embryonic Limb Morphogenesis (GO:0030326),34,0.00669272307965388,-0.009655900200247635,-0.0106367765711457,345546.0,0.3565515413219528,H3K4me3
Reticulophagy (GO:0061709),16,6.690346504410084e-11,0.7070977708796347,-0.0330146359832503,183005.0,1.8177671452482198e-07,RNA
Regulation Of Adenylate Cyclase Activity (GO:0045761),17,3.421171547914745e-10,0.3142388834428323,-0.0330146359832503,192443.0,4.647661547842181e-07,RNA
Regulation Of Smooth Muscle Contraction (GO:0006940),20,8.932031534801259e-09,0.34294562493839453,-0.0330146359832503,221292.0,8.089443226685006e-06,RNA
Negative Regulation Of Immune Effector Process (GO:0002698),15,9.209872673879882e-06,0.19847796286420474,-0.0330146359832503,163546.0,0.00625580601373291,RNA
Organelle Disassembly (GO:1903008),54,1.5728276469539667e-05,0.18957369016729,-0.0330146359832503,556477.0,0.00692854028277079,RNA
Lysosomal Lumen Acidification (GO:0007042),16,1.7491210021406075e-05,1.0186920882053143,-0.0330146359832503,173218.0,0.00692854028277079,RNA
Regulation Of Cardiac Muscle Contraction By Regulation Of The Release Of Sequestered Calcium Ion (GO:0010881),16,1.7850490239011973e-05,1.0137441268641785,-0.0330146359832503,173198.0,0.00692854028277079,RNA
Membrane Depolarization During Cardiac Muscle Cell Action Potential (GO:0086012),16,2.1200325860306868e-05,0.013090155212953317,-0.0330146359832503,173028.0,0.007175567054629762,RNA
DNA Damage Checkpoint Signaling (GO:0000077),34,2.5365035363465816e-05,0.05492006305263724,-0.0330146359832503,355402.0,0.007175567054629762,RNA
Skeletal Muscle Organ Development (GO:0060538),34,2.6409889785166592e-05,0.07751523449089337,-0.0330146359832503,355343.0,0.007175567054629762,RNA
G Protein-Coupled Acetylcholine Receptor Signaling Pathway (GO:0007213),17,3.656617901445624e-05,0.10851647584460287,-0.0330146359832503,182711.0,0.009031846216570692,RNA
Positive Regulation Of DNA Replication (GO:0045740),18,6.920982449839503e-05,-0.004999443643168856,-0.0330146359832503,192223.0,0.015311614460191377,RNA
Positive Regulation Of G Protein-Coupled Receptor Signaling Pathway (GO:0045745),18,7.326131320665731e-05,-0.030328740433707233,-0.0330146359832503,192159.0,0.015311614460191377,RNA
RNA Destabilization (GO:0050779),19,0.00010294589187500358,0.17324300904724604,-0.0330146359832503,201941.0,0.019978856301741763,RNA
Regulation Of Cardiac Muscle Contraction By Calcium Ion Signaling (GO:0010882),20,0.00016043111687909115,0.8043923742946928,-0.0330146359832503,211552.0,0.02905942297069938,RNA
DNA Integrity Checkpoint Signaling (GO:0031570),42,0.00022500522042655783,0.038170596569611026,-0.0330146359832503,431950.0,0.037048366488671325,RNA
Positive Regulation Of Vacuole Organization (GO:0044090),21,0.00024360238079890135,0.36242485294369636,-0.0330146359832503,221142.0,0.037048366488671325,RNA
Positive Regulation Of Translational Initiation (GO:0045948),21,0.000253243359927037,0.05118222152597587,-0.0330146359832503,221091.0,0.037048366488671325,RNA
Acetylcholine Receptor Signaling Pathway (GO:0095500),21,0.0002590794859347645,0.0815581688297737,-0.0330146359832503,221061.0,0.037048366488671325,RNA
Cell-Cell Junction Assembly (GO:0007043),70,0.00030106906844518886,0.31567044409542827,-0.0330146359832503,709070.0,0.04090023294827891,RNA
Negative Regulation Of Protein Localization To Nucleus (GO:1900181),22,0.00035102084595898674,0.8173121641775367,-0.0330146359832503,230752.0,0.04262500405539164,RNA
Regulation Of Release Of Sequestered Calcium Ion Into Cytosol By Sarcoplasmic Reticulum (GO:0010880),22,0.00035848402643589666,0.7282644642694254,-0.0330146359832503,230723.0,0.04262500405539164,RNA
Regulation Of Intracellular Steroid Hormone Receptor Signaling Pathway (GO:0033143),22,0.00036082999384394834,0.28016370326667345,-0.0330146359832503,230714.0,0.04262500405539164,RNA
Regulation Of Lysosomal Lumen pH (GO:0035751),23,0.0005020830112761071,0.6986074330174905,-0.0330146359832503,240327.0,0.056293812474548253,RNA
Regulation Of mRNA Catabolic Process (GO:0061013),46,0.0005289423895460426,0.052185781455434864,-0.0330146359832503,470108.0,0.056293812474548253,RNA
Stress Granule Assembly (GO:0034063),23,0.0005386967700913708,0.02000023089839795,-0.0330146359832503,240225.0,0.056293812474548253,RNA
Regulation Of Intracellular Estrogen Receptor Signaling Pathway (GO:0033146),25,0.0009509230204192643,0.24258230255668262,-0.0330146359832503,259463.0,0.0956910313510793,RNA
Cell-Cell Adhesion Mediated By Cadherin (GO:0044331),25,0.0010294113604717642,-0.026226923950093135,-0.0330146359832503,259337.0,0.09803024778511304,RNA
Negative Regulation Of Telomere Maintenance Via Telomere Lengthening (GO:1904357),25,0.0010463294758072427,-0.01807679645785854,-0.0330146359832503,259311.0,0.09803024778511304,RNA
Regulation Of Cell Development (GO:0060284),51,0.0011416797357118368,0.10955888316846486,-0.0330146359832503,518039.0,0.10339812806430203,RNA
Positive Regulation Of Adenylate Cyclase Activity (GO:0045762),26,0.001258084761062175,0.19401771759307646,-0.0330146359832503,269035.0,0.10831502861689164,RNA
Regulation Of Cardiac Muscle Cell Contraction (GO:0086004),26,0.0012757014780053488,0.04875341822046106,-0.0330146359832503,269012.0,0.10831502861689164,RNA
Cellular Response To Ionizing Radiation (GO:0071479),52,0.0013599278635388946,0.01045055454683989,-0.0330146359832503,527532.0,0.11196739409803566,RNA
Vacuolar Acidification (GO:0007035),27,0.0015871296282306733,0.590218978350714,-0.0330146359832503,278653.0,0.1268303294089041,RNA
Clathrin-Dependent Endocytosis (GO:0072583),27,0.0017015284443128364,0.4662117367999197,-0.0330146359832503,278533.0,0.13208722237708503,RNA
Eye Development (GO:0001654),55,0.002048180804243181,0.4295210334986687,-0.0330146359832503,556197.0,0.1545807568091312,RNA
Positive Regulation Of Calcium Ion Transport (GO:0051928),28,0.0021978758204718985,0.15147531133983771,-0.0330146359832503,288074.0,0.1613953676816797,RNA
Regulation Of Calcium Ion Transport (GO:0051924),56,0.002414824435572852,0.06646143120010624,-0.0330146359832503,565653.0,0.17265994714345892,RNA
Regulation Of Muscle Contraction (GO:0006937),29,0.0025447119920307174,0.22380395892284194,-0.0330146359832503,297786.0,0.1772816021114733,RNA
Signal Transduction In Response To DNA Damage (GO:0042770),57,0.00262518940182107,0.01943764063464752,-0.0330146359832503,575305.0,0.17831599011869617,RNA
Regulation Of Voltage-Gated Calcium Channel Activity (GO:1901385),29,0.0027678234101626334,0.01487663096014504,-0.0330146359832503,297629.0,0.18341893183931404,RNA
Selective Autophagy (GO:0061912),58,0.002880475634058427,0.1711543038409938,-0.0330146359832503,584924.0,0.18633934042230346,RNA
Homophilic Cell Adhesion Via Plasma Membrane Adhesion Molecules (GO:0007156),58,0.0031817317909559983,-0.030709129488909144,-0.0330146359832503,584658.0,0.20104105293087088,RNA
Negative Regulation Of DNA Biosynthetic Process (GO:2000279),31,0.004106866975063146,-0.020967991204708557,-0.0330146359832503,316782.0,0.2535990357101493,RNA
Regulation Of Translational Initiation (GO:0006446),64,0.005491652399755528,0.3413696130512193,-0.0330146359832503,642181.0,0.3293180036884444,RNA
Regulation Of Lamellipodium Assembly (GO:0010591),33,0.005625809907890177,-0.011787754743529357,-0.0330146359832503,336003.0,0.3293180036884444,RNA
Positive Regulation Of Release Of Sequestered Calcium Ion Into Cytosol (GO:0051281),33,0.005696704517245818,0.4521691800670951,-0.0330146359832503,335976.0,0.3293180036884444,RNA
Regulation Of Metal Ion Transport (GO:0010959),34,0.006433248144974114,0.1308201512716718,-0.0330146359832503,345634.0,0.3536973636602117,RNA
Embryonic Limb Morphogenesis (GO:0030326),34,0.006465188159759495,0.02884693789912362,-0.0330146359832503,345623.0,0.3536973636602117,RNA
Adherens Junction Organization (GO:0034332),34,0.006508968782852626,0.3004225132724623,-0.0330146359832503,345608.0,0.3536973636602117,RNA
