SNP,CHR,BP,InLoop,N_Interacting,Interacting_Coords
rs34706883,6,27805255,True,3,chr6:27110000-27120000;chr6:27130000-27140000;chr6:27820000-27830000
rs13194504,6,28630691,True,3,chr6:29130000-29150000.0;chr6:29520000-29540000.0;chr6:29130000-29140000
rs13207082,6,27251379,True,1,chr6:26850000-26860000
rs9257566,6,29144532,True,1,chr6:28630000-28640000
rs66975207,6,26942146,True,5,chr6:26340000-26350000;chr6:26630000-26640000;chr6:26650000-26660000
rs2230683,6,28891176,True,2,chr6:28940000-28950000;chr6:29580000-29590000
rs9258375,6,29752808,True,5,chr6:28840000-28860000.0;chr6:29870000-29890000.0;chr6:29920000-29940000.0
rs34961555,6,26199903,True,13,chr6:26020000-26040000.0;chr6:26030000-26050000.0;chr6:26140000-26160000.0
rs2023473,6,30075613,True,10,chr6:29380000-29400000.0;chr6:29730000-29750000.0;chr6:29780000-29800000.0
rs8192589,6,32187637,True,10,chr6:31530000-31540000;chr6:31550000-31560000;chr6:31960000-31970000
rs1264347,6,30798697,True,26,chr6:30240000-30260000.0;chr6:30490000-30510000.0;chr6:30640000-30660000.0
rs2596495,6,31323416,True,8,chr6:30790000-30800000;chr6:31120000-31130000;chr6:31230000-31240000
rs693906,6,31835164,True,25,chr6:31500000-31520000.0;chr6:31510000-31530000.0;chr6:31610000-31630000.0
rs3130544,6,31058340,True,9,chr6:30700000-30710000;chr6:30790000-30800000;chr6:30800000-30810000
rs9274623,6,32635998,True,7,chr6:32110000-32120000;chr6:32120000-32130000;chr6:32130000-32140000
rs3132451,6,31582025,True,21,chr6:30610000-30630000.0;chr6:31510000-31530000.0;chr6:31540000-31560000.0
rs1480380,6,32913246,True,8,chr6:32890000-32910000.0;chr6:33180000-33200000.0;chr6:33210000-33230000.0
rs9461856,6,33395199,True,2,chr6:33420000-33430000;chr6:34190000-34200000
rs3818528,6,33661091,True,10,chr6:33550000-33570000.0;chr6:33560000-33580000.0;chr6:33570000-33590000.0
rs217336,6,84341803,True,1,chr6:84470000-84480000
rs113113059,6,43160375,True,4,chr6:42630000-42640000;chr6:42880000-42890000;chr6:43070000-43080000
rs58120505,7,2029867,True,8,chr7:1610000-1620000;chr7:1630000-1640000;chr7:1640000-1650000
rs2057884,7,104930250,True,1,chr7:104810000-104820000
rs33922585,7,2285178,True,30,chr7:1310000-1330000.0;chr7:1580000-1600000.0;chr7:1590000-1610000.0
rs79210963,7,24717969,True,1,chr7:24320000-24330000
rs7801375,7,131567263,True,1,chr7:132420000-132430000
rs1914399,7,71770973,True,2,chr7:70880000-70890000;chr7:72190000-72200000
rs35531336,7,133438132,True,1,chr7:132610000-132620000
rs2238057,12,2384005,True,8,chr12:2020000-2040000.0;chr12:2160000-2180000.0;chr12:2170000-2190000.0
rs4766428,12,110723245,True,2,chr12:110560000-110570000;chr12:110860000-110870000
rs1615350,12,123650335,True,3,chr12:123460000-123470000;chr12:123470000-123480000;chr12:123560000-123570000
rs684596,12,111052465,True,8,chr12:110840000-110860000.0;chr12:110850000-110870000.0;chr12:110860000-110880000.0
rs6538539,12,95195293,True,1,chr12:94300000-94310000
rs11069139,12,110413252,True,10,chr12:109720000-109740000.0;chr12:109840000-109860000.0;chr12:109850000-109870000.0
rs10876446,12,53760710,True,5,chr12:53710000-53730000.0;chr12:53820000-53840000.0;chr12:53830000-53850000.0
rs12310367,12,124486678,True,6,chr12:125100000-125120000.0;chr12:124280000-124290000;chr12:124850000-124860000
rs145071536,1,243793012,True,1,chr1:244710000-244720000
rs11210892,1,44100084,True,1,chr1:44040000-44050000
rs16851048,1,177276006,True,2,chr1:177340000-177350000;chr1:177350000-177360000
rs662655,1,73305782,True,1,chr1:72450000-72460000
rs6673880,1,2373168,True,31,chr1:1800000-1820000.0;chr1:2340000-2360000.0;chr1:2400000-2420000.0
rs7515363,1,200414959,True,1,chr1:199520000-199530000
rs3795310,1,8431607,True,11,chr1:8470000-8490000.0;chr1:8480000-8500000.0;chr1:8650000-8670000.0
rs12138231,1,150115398,True,6,chr1:149750000-149760000;chr1:149780000-149790000;chr1:150060000-150070000
rs61786047,1,29032580,True,1,chr1:29460000-29470000
rs11263861,1,36628033,True,7,chr1:36640000-36650000;chr1:36740000-36750000;chr1:36740000-36750000
rs4658559,1,243505950,True,4,chr1:243270000-243280000;chr1:244380000-244390000;chr1:244430000-244440000
rs4702,15,91426560,True,16,chr15:90860000-90880000.0;chr15:91080000-91100000.0;chr15:91190000-91210000.0
rs2456020,15,78868398,True,1,chr15:78220000-78240000.0
rs11638554,15,85148231,True,12,chr15:85060000-85080000.0;chr15:85100000-85120000.0;chr15:85160000-85180000.0
rs4779050,15,83368738,True,2,chr15:82820000-82830000;chr15:82820000-82830000
rs56205728,15,40567237,True,6,chr15:40320000-40340000.0;chr15:40330000-40350000.0;chr15:40340000-40360000.0
rs117799466,15,34659517,True,6,chr15:34770000-34790000.0;chr15:34850000-34870000.0;chr15:35440000-35460000.0
rs8025070,15,84823902,True,18,chr15:83840000-83860000.0;chr15:83990000-84010000.0;chr15:84080000-84100000.0
rs2255663,15,43829008,True,8,chr15:43050000-43070000.0;chr15:43980000-44000000.0;chr15:43990000-44010000.0
rs62018952,15,44080737,True,4,chr15:44000000-44010000;chr15:44030000-44040000;chr15:44240000-44250000
rs13107325,4,103188709,True,1,chr4:102300000-102310000
rs34592089,4,102926923,True,1,chr4:103850000-103860000
rs2333321,4,176859992,True,1,chr4:176470000-176480000
rs61405217,4,170322312,True,1,chr4:169970000-169980000
rs35734242,4,706700,True,20,chr4:1250000-1260000;chr4:1390000-1400000;chr4:1510000-1520000
rs2710323,3,52815905,True,2,chr3:52830000-52850000.0;chr3:52830000-52840000
rs6799185,3,53101580,True,8,chr3:52250000-52260000;chr3:52400000-52410000;chr3:52480000-52490000
rs11130306,3,52541253,True,8,chr3:52400000-52410000;chr3:52500000-52510000;chr3:52510000-52520000
rs1060330,3,52288945,True,8,chr3:52190000-52210000.0;chr3:52300000-52320000.0;chr3:52310000-52330000.0
rs7617548,3,180998071,True,1,chr3:181300000-181320000.0
rs6798742,3,63903759,True,1,chr3:63950000-63960000
rs13080668,3,53443354,True,1,chr3:53450000-53460000
rs527888,3,136031358,True,1,chr3:136600000-136610000
rs167924,3,107379837,True,1,chr3:108100000-108110000
rs1604060,3,117772036,True,1,chr3:118230000-118240000
rs4129585,8,143312933,True,31,chr8:142460000-142480000.0;chr8:142480000-142500000.0;chr8:142490000-142510000.0
rs73229090,8,27442127,True,4,chr8:27320000-27330000;chr8:27320000-27330000;chr8:27340000-27350000
rs10086619,8,111580570,True,1,chr8:112480000-112490000
rs11136325,8,144870701,True,41,chr8:144230000-144250000.0;chr8:144240000-144260000.0;chr8:144280000-144300000.0
rs7830315,8,65608361,True,2,chr8:66460000-66480000.0;chr8:66540000-66560000.0
rs7001340,8,38262233,True,4,chr8:37650000-37660000;chr8:37690000-37700000;chr8:38560000-38570000
rs11993663,8,10032894,True,2,chr8:10070000-10080000;chr8:10280000-10290000
rs2600490,8,1024114,True,5,chr8:1420000-1430000;chr8:1430000-1440000;chr8:1800000-1810000
rs778371,2,233743109,True,11,chr2:233310000-233330000.0;chr2:233890000-233910000.0;chr2:233900000-233920000.0
rs11680723,2,200810957,True,1,chr2:201320000-201330000
rs11687313,2,201146399,True,1,chr2:200850000-200860000
rs12712510,2,22749726,True,1,chr2:23500000-23520000.0
rs700680,2,198707950,True,1,chr2:199160000-199170000
rs62183855,2,172956449,True,3,chr2:172370000-172390000.0;chr2:172560000-172580000.0;chr2:172370000-172380000
rs7575796,2,97746526,True,1,chr2:97130000-97140000
rs6715366,2,2327295,True,2,chr2:1660000-1670000;chr2:1870000-1880000
rs11692435,2,98275354,True,8,chr2:97520000-97530000;chr2:97530000-97540000;chr2:98200000-98210000
rs11191580,10,104906211,True,1,chr10:104880000-104890000
rs17878846,10,104630412,True,3,chr10:104510000-104520000;chr10:104610000-104620000;chr10:105120000-105130000
rs11191337,10,104317785,True,6,chr10:103960000-103980000.0;chr10:104000000-104020000.0;chr10:104010000-104030000.0
rs17731,10,3821561,True,2,chr10:3290000-3300000;chr10:4690000-4700000
rs12771371,10,54063083,True,7,chr10:54240000-54260000.0;chr10:54250000-54270000.0;chr10:54480000-54500000.0
rs7251,19,50162909,True,2,chr19:50180000-50200000.0;chr19:50190000-50210000.0
rs72986630,19,11849736,True,3,chr19:12000000-12020000.0;chr19:12000000-12010000;chr19:12110000-12120000
rs9636107,18,53200117,True,4,chr18:53130000-53150000.0;chr18:53240000-53260000.0;chr18:53380000-53400000.0
rs12969453,18,52751708,True,2,chr18:51920000-51930000;chr18:53380000-53390000
rs11664298,18,77578986,True,4,chr18:77530000-77540000;chr18:77590000-77600000;chr18:77630000-77640000
rs7235891,18,53454774,True,4,chr18:52870000-52880000;chr18:52980000-52990000;chr18:53000000-53010000
rs1789595,18,53775254,True,1,chr18:53380000-53390000
rs9304548,18,27500959,True,1,chr18:28410000-28420000
rs4632195,18,50746748,True,1,chr18:51350000-51360000
rs4700418,5,60621839,True,5,chr5:60460000-60470000;chr5:60540000-60550000;chr5:60690000-60700000
rs10036065,5,45702028,True,3,chr5:45030000-45040000;chr5:45030000-45040000;chr5:45520000-45530000
rs10117,5,137892170,True,9,chr5:137390000-137400000;chr5:137510000-137520000;chr5:137830000-137840000
rs17453530,5,151949209,True,1,chr5:152650000-152660000
rs9687282,5,139065988,True,10,chr5:138250000-138260000;chr5:138250000-138260000;chr5:139020000-139030000
rs12188094,5,90278217,True,1,chr5:90530000-90540000
rs246024,5,140333952,True,3,chr5:140100000-140110000;chr5:140150000-140160000;chr5:140750000-140760000
rs39967,5,57744788,True,2,chr5:57060000-57070000;chr5:57090000-57100000
rs4812325,20,37485458,True,1,chr20:37450000-37460000
rs6125656,20,48090779,True,1,chr20:47980000-47990000
rs926288,20,41814164,True,4,chr20:40820000-40840000.0;chr20:40830000-40850000.0;chr20:41400000-41420000.0
rs113264400,20,62150128,True,22,chr20:62260000-62280000.0;chr20:62270000-62290000.0;chr20:62280000-62300000.0
rs12285419,11,46343189,True,1,chr11:46260000-46280000.0
rs12293670,11,124612932,True,6,chr11:124510000-124530000.0;chr11:124520000-124540000.0;chr11:124530000-124550000.0
rs4936215,11,133852684,True,3,chr11:133870000-133880000;chr11:133880000-133890000;chr11:133910000-133920000
rs10838634,11,46929954,True,3,chr11:47170000-47180000;chr11:47170000-47180000;chr11:47230000-47240000
rs893949,11,134296384,True,7,chr11:134320000-134330000;chr11:134530000-134540000;chr11:134590000-134600000
rs61897848,11,47198638,True,14,chr11:46210000-46230000.0;chr11:46740000-46760000.0;chr11:46850000-46870000.0
rs3016386,11,132572282,True,1,chr11:131770000-131790000.0
rs708228,11,57585662,True,3,chr11:57510000-57520000;chr11:57520000-57530000;chr11:58290000-58300000
rs77502336,11,123394636,True,1,chr11:123440000-123450000
rs3814883,16,29994922,True,9,chr16:29170000-29180000;chr16:29810000-29820000;chr16:29820000-29830000
rs7191183,16,9900057,True,1,chr16:9770000-9780000
rs4575535,16,89559297,True,4,chr16:89360000-89370000;chr16:89390000-89400000;chr16:89400000-89410000
rs7190823,16,89866043,True,5,chr16:89780000-89790000;chr16:89800000-89810000;chr16:89810000-89820000
rs149165,16,58659307,True,1,chr16:57780000-57790000
rs5751191,22,42370991,True,3,chr22:42060000-42070000;chr22:42070000-42080000;chr22:42880000-42890000
rs9607782,22,41587556,True,5,chr22:41640000-41660000.0;chr22:41660000-41680000.0;chr22:41640000-41650000
rs5758659,22,42622003,True,5,chr22:42070000-42090000.0;chr22:42810000-42830000.0;chr22:42950000-42970000.0
rs5995756,22,40000313,True,2,chr22:40020000-40030000;chr22:40410000-40420000
rs713692,22,51109735,True,3,chr22:50780000-50790000;chr22:51110000-51120000;chr22:51170000-51180000
rs6001259,22,39247750,True,1,chr22:39170000-39180000
rs2332700,14,72417326,True,2,chr14:71640000-71650000;chr14:72730000-72740000
rs10873538,14,104255569,True,5,chr14:104030000-104050000.0;chr14:104320000-104340000.0;chr14:104360000-104380000.0
rs17571951,14,30017039,True,7,chr14:29220000-29230000;chr14:29220000-29230000;chr14:30470000-30480000
rs12432904,14,103812320,True,6,chr14:103500000-103510000;chr14:103530000-103540000;chr14:103540000-103550000
rs2999392,14,51655145,True,1,chr14:51600000-51610000
rs9318627,13,79930079,True,1,chr13:79180000-79200000.0
rs2532240,17,44265839,True,2,chr17:44070000-44080000;chr17:44130000-44140000
rs57433322,17,19141582,True,20,chr17:19010000-19030000.0;chr17:19170000-19190000.0;chr17:19200000-19220000.0
rs3874943,17,44572068,True,6,chr17:43920000-43930000;chr17:43950000-43960000;chr17:44970000-44980000
rs56328224,17,43572419,True,17,chr17:43080000-43100000.0;chr17:43280000-43300000.0;chr17:43290000-43310000.0
rs505061,9,22767164,True,2,chr9:23580000-23590000;chr9:23730000-23740000
rs2381411,9,36319928,True,14,chr9:36170000-36190000.0;chr9:36180000-36200000.0;chr9:36190000-36210000.0
rs3824451,9,101071522,True,4,chr9:100590000-100610000.0;chr9:101470000-101490000.0;chr9:101510000-101530000.0
rs2078266,9,138378856,True,1,chr9:138570000-138580000
