variant_id,gene_symbol,category,mechanism,n_modalities_significant,affected_modalities,convergence_class,expression_z,splicing_z,ATAC_z,DNase_z,ChIP_Histone_z,ChIP_TF_z,ContactMap_z
rs4766428,ATP2A2,calcium_pump,UNCLEAR,0,,NO_EFFECT,-0.4691841860915354,-0.0510464135015796,-0.2747735103764536,-0.2464360227097707,-0.5138989186811633,-0.7589066396931418,0.0736280009535726
rs11069139,ATP2A2,calcium_pump,EXPRESSION_ONLY,1,expression,SINGLE_MODALITY,2.8857102771681102,-0.5119743839359623,-0.4916400745956786,-0.8379912148599502,-0.2637704792413334,-0.4889106453111479,-0.5373404277276871
rs2078266,CACNA1B,calcium_channel,UNCLEAR,0,,NO_EFFECT,-0.4691841860915354,-0.5119743839359623,-0.5570191755675976,-0.9557121055805284,-0.5869523419950731,-0.7235785446273918,-1.2164259280933836
rs2238057,CACNA1C,calcium_channel,EXPRESSION_ONLY,0,,NO_EFFECT,-0.0611910530658203,0.0325516728792504,-0.3928953571020767,-0.6812836928204331,-0.0958694178467151,-0.6470584417230579,-0.0042200809717477
rs6799185,CACNA1D,calcium_channel,3D_STRUCTURE_MEDIATED,5,"ATAC,DNase,ChIP_Histone,ChIP_TF,ContactMap",HIGH_CONVERGENCE,-0.4555893927885524,0.0019749408956005,3.387827791047792,2.99337790153046,3.2505956884298826,2.5601408923380964,3.1138736289983995
rs13080668,CACNA1D,calcium_channel,PROMOTER_MEDIATED,0,,NO_EFFECT,-0.3918070222376013,-0.1268376746950949,-0.260586206079754,0.239699160484692,-0.288228248054407,1.4782770447773013,-0.3267335632334137
rs5995756,CACNA1I,calcium_channel,UNCLEAR,0,,NO_EFFECT,-0.4691841860915354,-0.2117368986071442,0.1446387270598605,1.0082180631853317,0.7505431648637224,0.3385088599573531,-0.4838198714041387
rs6001259,CACNA1I,calcium_channel,UNCLEAR,0,,NO_EFFECT,-0.4691841860915354,-0.5119743839359623,-0.4387630147761162,-0.3590946729055948,-0.634636925359641,-0.4618193581282021,-0.0598258537754228
rs2238057,CACNA2D4,calcium_channel_aux,UNCLEAR,0,,NO_EFFECT,-0.4691841860915354,0.0325516728792504,-0.3928953571020767,-0.6812836928204331,-0.0958694178467151,-0.6470584417230579,-0.0042200809717477
rs6482437,CACNB2,calcium_channel_aux,UNCLEAR,0,,NO_EFFECT,-0.4691841860915354,-0.5119743839359623,-0.3768798091731368,0.1299032811678842,0.0349655301166078,0.9566795707211896,0.2070818556825681
rs9461856,ITPR3,ip3_receptor,SPLICING_MEDIATED,1,splicing,SINGLE_MODALITY,0.1920876508870651,3.370620009221971,-0.1631747557139098,-0.1435319168605441,-0.5468881262632397,-0.6826756041053633,-0.0042200809717477
rs3818528,ITPR3,ip3_receptor,EXPRESSION_ONLY,1,expression,SINGLE_MODALITY,1.584263028769082,0.0237689945435212,-0.1557543175516576,-0.10355318256562,-0.3096796654319047,-0.2641427505788247,-0.2377643267474167
rs1915019,CALB1,calcium_buffer,UNCLEAR,0,,NO_EFFECT,-0.4691841860915354,-0.5119743839359623,-0.2504233405661263,0.0620572789687171,-0.5026067693865651,-0.5396183084042502,-0.9495182186353924
rs34587669,CALB1,calcium_buffer,UNCLEAR,0,,NO_EFFECT,-0.4691841860915354,-0.5119743839359623,0.2223384004969307,-0.4243691842142119,-0.1977040733034563,-0.1198376334995047,0.4295049468975606
