variant_id,gene_symbol,tf_name,tf_score,effect_direction,is_brain_tf
rs6799185,CACNA1D,HepG2,0.1084842681884765,GAIN,False
rs6799185,CACNA1D,K562,0.1065559387207031,GAIN,False
rs6799185,CACNA1D,K562,0.1358394622802734,GAIN,False
rs6799185,CACNA1D,GM06990,0.1321754455566406,GAIN,False
rs6799185,CACNA1D,GM12878,0.1961193084716797,GAIN,False
rs6799185,CACNA1D,GM12878,0.2151765823364257,GAIN,False
rs6799185,CACNA1D,GM12878,0.3389186859130859,GAIN,False
rs6799185,CACNA1D,GM12878,0.5544376373291016,GAIN,False
rs6799185,CACNA1D,GM12878,0.1082525253295898,GAIN,False
rs6799185,CACNA1D,GM12878,0.4711494445800781,GAIN,False
rs6799185,CACNA1D,GM12878,0.3918304443359375,GAIN,False
rs6799185,CACNA1D,GM12878,0.3229331970214844,GAIN,False
rs6799185,CACNA1D,GM12878,0.3795099258422851,GAIN,False
rs6799185,CACNA1D,GM12878,0.1483678817749023,GAIN,False
rs6799185,CACNA1D,GM12878,0.2695703506469726,GAIN,False
rs6799185,CACNA1D,GM12878,0.2486066818237304,GAIN,False
rs6799185,CACNA1D,GM12878,0.2625770568847656,GAIN,False
rs6799185,CACNA1D,GM12878,0.3075618743896484,GAIN,False
rs6799185,CACNA1D,GM12878,0.4202957153320312,GAIN,False
rs6799185,CACNA1D,GM12878,0.1177635192871093,GAIN,False
rs6799185,CACNA1D,GM12878,0.2801084518432617,GAIN,False
rs6799185,CACNA1D,GM12878,0.5486507415771484,GAIN,False
rs6799185,CACNA1D,GM12878,0.429269790649414,GAIN,False
rs6799185,CACNA1D,GM12878,0.1808528900146484,GAIN,False
rs6799185,CACNA1D,GM12878,0.109898567199707,GAIN,False
rs6799185,CACNA1D,GM12878,0.4406700134277344,GAIN,False
rs6799185,CACNA1D,GM12878,0.1228170394897461,GAIN,False
rs6799185,CACNA1D,GM12878,0.1840057373046875,GAIN,False
rs6799185,CACNA1D,GM12878,0.2617483139038086,GAIN,False
rs6799185,CACNA1D,GM12878,0.1661043167114257,GAIN,False
rs6799185,CACNA1D,GM12878,0.1946706771850586,GAIN,False
rs6799185,CACNA1D,GM12878,0.1081991195678711,GAIN,False
rs6799185,CACNA1D,GM12878,0.1788406372070312,GAIN,False
rs6799185,CACNA1D,GM12878,0.4183864593505859,GAIN,False
rs6799185,CACNA1D,GM12878,0.3230819702148437,GAIN,False
rs6799185,CACNA1D,GM12878,0.2865533828735351,GAIN,False
rs6799185,CACNA1D,GM12878,0.4720268249511719,GAIN,False
rs6799185,CACNA1D,GM12878,0.1466856002807617,GAIN,False
rs6799185,CACNA1D,GM12878,0.1802301406860351,GAIN,False
rs6799185,CACNA1D,GM12878,0.2152519226074218,GAIN,False
rs6799185,CACNA1D,GM12878,0.1279573440551757,GAIN,False
rs6799185,CACNA1D,GM12878,0.6146707534790039,GAIN,False
rs6799185,CACNA1D,GM12878,0.4119119644165039,GAIN,False
rs6799185,CACNA1D,GM12878,0.3737134933471679,GAIN,False
rs6799185,CACNA1D,GM12878,0.155278205871582,GAIN,False
rs6799185,CACNA1D,GM12878,0.2539968490600586,GAIN,False
rs6799185,CACNA1D,GM12878,0.373788833618164,GAIN,False
rs6799185,CACNA1D,GM12878,0.1295700073242187,GAIN,False
rs6799185,CACNA1D,GM12878,0.4353570938110351,GAIN,False
rs6799185,CACNA1D,GM12878,0.1138982772827148,GAIN,False
rs6799185,CACNA1D,GM12878,0.1013336181640625,GAIN,False
rs6799185,CACNA1D,GM12878,0.3035287857055664,GAIN,False
rs6799185,CACNA1D,GM12878,0.3048543930053711,GAIN,False
rs6799185,CACNA1D,GM12878,0.4002027511596679,GAIN,False
rs6799185,CACNA1D,GM12878,0.1677865982055664,GAIN,False
rs6799185,CACNA1D,GM12878,0.2393951416015625,GAIN,False
rs6799185,CACNA1D,GM12878,0.2363843917846679,GAIN,False
rs6799185,CACNA1D,GM12878,0.2111177444458007,GAIN,False
rs6799185,CACNA1D,GM12878,0.2487440109252929,GAIN,False
rs6799185,CACNA1D,GM12878,0.1630582809448242,GAIN,False
rs6799185,CACNA1D,GM12878,0.2206878662109375,GAIN,False
rs6799185,CACNA1D,GM12878,0.6097240447998047,GAIN,False
rs6799185,CACNA1D,GM12878,0.1720447540283203,GAIN,False
rs6799185,CACNA1D,GM12878,0.50946044921875,GAIN,False
rs6799185,CACNA1D,GM12878,0.1231184005737304,GAIN,False
rs6799185,CACNA1D,GM12878,0.1797447204589843,GAIN,False
rs6799185,CACNA1D,GM12878,0.1683979034423828,GAIN,False
rs6799185,CACNA1D,GM12878,0.1485605239868164,GAIN,False
rs6799185,CACNA1D,GM12878,0.4113330841064453,GAIN,False
rs6799185,CACNA1D,GM12878,0.2605085372924804,GAIN,False
rs6799185,CACNA1D,GM12878,0.2339887619018554,GAIN,False
rs6799185,CACNA1D,GM12878,0.1053934097290039,GAIN,False
rs6799185,CACNA1D,GM12878,-0.1246047019958496,LOSS,False
rs6799185,CACNA1D,GM12878,0.189366340637207,GAIN,False
rs6799185,CACNA1D,GM12878,0.3293867111206054,GAIN,False
rs6799185,CACNA1D,GM12878,0.2987737655639648,GAIN,False
rs6799185,CACNA1D,GM12878,0.3806352615356445,GAIN,False
rs6799185,CACNA1D,GM12878,0.6341142654418945,GAIN,False
rs6799185,CACNA1D,GM12878,0.1924352645874023,GAIN,False
rs6799185,CACNA1D,GM12878,0.2994222640991211,GAIN,False
rs6799185,CACNA1D,GM12878,0.1926450729370117,GAIN,False
rs6799185,CACNA1D,GM12878,0.2707548141479492,GAIN,False
rs6799185,CACNA1D,GM12878,0.1574897766113281,GAIN,False
rs6799185,CACNA1D,GM12878,0.3681507110595703,GAIN,False
rs6799185,CACNA1D,GM12878,0.2239971160888672,GAIN,False
rs6799185,CACNA1D,GM12878,0.1781606674194336,GAIN,False
rs6799185,CACNA1D,GM12878,0.2276248931884765,GAIN,False
rs6799185,CACNA1D,GM12878,0.1314506530761718,GAIN,False
rs6799185,CACNA1D,GM12878,0.2013635635375976,GAIN,False
rs6799185,CACNA1D,GM12878,0.1568479537963867,GAIN,False
rs6799185,CACNA1D,GM12878,0.1625070571899414,GAIN,False
rs6799185,CACNA1D,GM12878,0.2340421676635742,GAIN,False
rs6799185,CACNA1D,GM12891,0.1778984069824218,GAIN,False
rs6799185,CACNA1D,GM12891,0.1663007736206054,GAIN,False
rs6799185,CACNA1D,GM12891,0.1777877807617187,GAIN,False
rs6799185,CACNA1D,GM12891,0.2783718109130859,GAIN,False
rs6799185,CACNA1D,GM12891,0.1191892623901367,GAIN,False
rs6799185,CACNA1D,GM12891,0.1783676147460937,GAIN,False
rs6799185,CACNA1D,GM12892,0.2075529098510742,GAIN,False
rs6799185,CACNA1D,GM12892,0.2169322967529297,GAIN,False
rs6799185,CACNA1D,GM12892,0.2501964569091797,GAIN,False
rs6799185,CACNA1D,H1,0.1827945709228515,GAIN,False
rs6799185,CACNA1D,GM10847,0.1232538223266601,GAIN,False
rs6799185,CACNA1D,GM15510,0.1727437973022461,GAIN,False
rs6799185,CACNA1D,GM18526,0.121922492980957,GAIN,False
rs6799185,CACNA1D,GM18951,0.1340274810791015,GAIN,False
rs6799185,CACNA1D,GM19099,0.2131414413452148,GAIN,False
rs6799185,CACNA1D,GM19193,0.1843433380126953,GAIN,False
rs6799185,CACNA1D,Ishikawa,0.1369590759277343,GAIN,False
rs6799185,CACNA1D,OCI-LY3,0.1468772888183593,GAIN,False
rs3818528,ITPR3,HepG2,-0.1376547813415527,LOSS,False
rs3818528,ITPR3,Ishikawa,0.1106834411621093,GAIN,False
