SNP,CHR,BP,REF,ALT,top_gene,top_gene_score,splicing_max,splice_junction_max,brain_specificity,api_success
rs13195636,6,27509493,A,C,ZNF184,0.987,0.0,0.0,0.9073972351206304,True
rs34706883,6,27805255,A,C,OR2B6,0.542,0.0,0.0,0.0016288421650703,True
rs67981811,6,28354835,C,G,ZSCAN9,0.859,0.015625,0.033294677734375,0.3331042131491762,True
rs13197574,6,28060239,T,C,OR2B6,0.446,0.0,0.0,0.0137979347797009,True
rs13194504,6,28630691,G,A,ZSCAN12,0.414,0.0,0.0,0.2121709669524977,True
rs13207082,6,27251379,A,G,ZNF184,1.022,0.046875,0.373291015625,0.0285361533368635,True
rs9257566,6,29144532,C,T,OR12D3,0.004,0.0,0.0,0.0761110943259411,True
rs13195402,6,26463575,G,T,BTN3A1,3.463,0.0234375,0.35302734375,0.0200137840653892,True
rs66975207,6,26942146,A,C,H2BC11,21.659,0.0,0.0,0.0293942792502896,True
rs2230683,6,28891176,T,C,ZNF311,0.471,0.0,0.0,0.0813266887838591,True
rs9258375,6,29752808,A,G,HCG4,0.563,0.0,0.0,0.1694545102696372,True
rs2206853,6,29437033,C,T,OR12D3,0.005,0.00439453125,0.056640625,1.0,True
rs34961555,6,26199903,C,T,HFE,0.457,0.00341796875,0.0,0.0280499755068793,True
rs2023473,6,30075613,T,C,POLR1H,2.44,0.029296875,0.16259765625,0.0810263243581133,True
rs8192589,6,32187637,G,T,C2,10.124,0.01171875,0.1612548828125,0.0635486441801715,True
rs1264347,6,30798697,C,T,FLOT1,8.513,0.0,0.0,0.1148437230514774,True
rs2596495,6,31323416,G,C,TCF19,2.308,0.0,0.0,0.159317282124874,True
rs693906,6,31835164,G,C,C2,7.381,0.0,0.0,1.0,True
rs3130351,6,30328192,C,T,ABCF1,5.471,0.029296875,0.2060546875,0.1088444401535119,True
rs3130544,6,31058340,C,A,TCF19,2.286,0.0,0.0,0.0965064821290916,True
rs9274623,6,32635998,G,T,TAP1,10.226,0.0078125,0.039276123046875,0.0616274107694787,True
rs13198474,6,25874423,G,A,HFE,0.447,0.0283203125,0.52734375,0.0346056415059411,True
rs3132451,6,31582025,G,C,DDX39B,9.465,0.0078125,0.2335205078125,0.5962175509762927,True
rs1480380,6,32913246,C,T,TAP1,10.515,0.0,0.0,0.0830845540750253,True
rs62392365,6,25371369,A,T,CARMIL1,1.342,0.015625,0.05078125,0.2811845305003608,True
rs9461856,6,33395199,G,A,BAK1,3.566,0.01171875,0.3642578125,0.1088973740323133,True
rs634940,6,93077500,G,T,EPHA7,1.418,0.0,0.0,0.1813504066185604,True
rs2815731,6,73155285,C,A,DDX43,2.248,0.015625,0.0321044921875,0.477093869629036,True
rs3818528,6,33661091,G,A,BAK1,3.219,0.01171875,0.050262451171875,0.4310849319000552,True
rs217336,6,84341803,C,A,CEP162,0.735,0.0,0.0,0.3221762296511604,True
rs6925964,6,96475894,A,T,UFL1,2.19,0.0,0.0,0.2758005527272854,True
rs9454727,6,70003389,A,G,COL19A1,0.409,0.015625,0.044036865234375,0.2541823940093013,True
rs113113059,6,43160375,T,C,CUL7,2.464,0.0078125,0.06658935546875,0.3805376700321025,True
rs58120505,7,2029867,T,C,MAD1L1,1.365,0.0078125,0.05828857421875,0.5269114334193709,True
rs6943762,7,86403263,T,C,GRM3,0.377,0.0,0.0,0.4775222613155472,True
rs2252074,7,104594253,T,G,LHFPL3,0.327,0.00390625,0.0130844116210937,0.3562135021720445,True
rs2057884,7,104930250,T,C,KMT2E,1.88,0.0,0.0,0.083045883202363,True
rs728055,7,137072531,T,A,CHRM2,2.845,0.0,0.0,0.0221366656410937,True
rs7803571,7,110993511,C,T,LRRN3,3.436,0.0078125,0.017333984375,0.2788339374770727,True
rs33922585,7,2285178,C,T,MAD1L1,0.868,0.0078125,0.04180908203125,0.2086515911438764,True
rs79210963,7,24717969,T,C,OSBPL3,1.689,0.0078125,0.1326904296875,0.1979819475760454,True
rs6974218,7,110056000,A,C,RPL3P8,0.152,0.0,0.0,0.0070510862918414,True
rs7801375,7,131567263,A,G,PODXL,8.701,0.0,0.0,0.1633333331506626,True
rs1914399,7,71770973,C,G,RN7SKP75,0.025,0.0,0.0,0.0886581153640724,True
rs13233308,7,87244960,C,T,CROT,0.93,0.0,0.0,0.4205111344368615,True
rs35531336,7,133438132,A,G,EXOC4,1.408,0.0078125,0.037872314453125,0.1679996586854191,True
rs7798283,7,133128127,T,G,CHCHD3,4.213,0.0,0.0,0.4410058807665918,True
rs2238057,12,2384005,T,G,CACNA1C,1.637,0.015625,0.05108642578125,0.1085966689703346,True
rs4766428,12,110723245,C,T,GPN3,1.386,0.005859375,0.043243408203125,0.0309537995067238,True
rs61937595,12,57682956,C,T,METTL1,2.378,0.0,0.0,0.8993902281256668,True
rs1615350,12,123650335,C,T,TMED2,13.469,0.015625,0.031982421875,0.1912438582732472,True
rs684596,12,111052465,T,A,MYL2,35.187,0.015625,0.035858154296875,0.0039801265399494,True
rs6538539,12,95195293,G,T,VEZT,2.598,0.0078125,0.056396484375,0.2836019395061314,True
rs12303743,12,72259954,G,C,TRHDE,0.56,0.0078125,0.025421142578125,0.3420163679863358,True
rs11069139,12,110413252,G,C,ARPC3,16.945,0.0,0.0,0.2379731674117537,True
rs10860960,12,103594062,C,T,NT5DC3,0.946,0.015625,0.04254150390625,0.3824777672356257,True
rs10876446,12,53760710,G,C,CALCOCO1,2.424,0.0,0.0,0.3189705703479501,True
rs12310367,12,124486678,A,G,RFLNA,2.791,0.015625,0.07373046875,0.4020484528912924,True
rs10861176,12,104631552,G,A,SLC41A2,0.596,0.0078125,0.0278778076171875,0.3393505430816899,True
rs10777956,12,99494358,A,G,GARIN6,4.59,0.0078125,0.0262603759765625,0.0182854493604645,True
rs1198588,1,98552832,A,T,SNX7,2.166,0.0,0.0,0.4102127272999393,True
rs12129573,1,73768366,C,A,RNA5SP50,0.007,0.0,0.0,0.3282555566464354,True
rs4375301,1,98298371,A,G,MIR137HG,1.194,0.0,0.0,0.0792590277101848,True
rs11587347,1,239198959,C,G,CHRM3,0.648,0.0,0.0,0.1496473917557031,True
rs145071536,1,243793012,T,C,AKT3,0.465,0.0078125,0.052734375,0.4388909892871503,True
rs11210892,1,44100084,G,A,ARTN,1.21,0.0,0.0,0.3447562674582081,True
rs16851048,1,177276006,T,C,ASTN1,2.242,0.0078125,0.05242919921875,0.4362136445521083,True
rs662655,1,73305782,G,A,KRT8P21,0.048,0.0,0.0,0.1725888855491921,True
rs56335113,1,30427639,A,G,ENSG00000231251,0.006,0.0,0.0,0.0693499810726308,True
rs6701322,1,97835921,A,G,DPYD,2.251,0.0078125,0.046905517578125,0.0732569263202977,True
rs6673880,1,2373168,A,G,PRKCZ,2.26,0.0078125,0.0443115234375,0.4264153972199951,True
rs7515363,1,200414959,C,T,KIF14,1.768,0.0,0.0,0.1522073712804049,True
rs3795310,1,8431607,C,T,RERE,2.906,0.0078125,0.06463623046875,0.7510423537751174,True
rs12138231,1,150115398,T,A,MTMR11,2.238,0.0078125,0.0278472900390625,0.0998669788020985,True
rs61786047,1,29032580,G,A,PTPRU,1.333,0.0078125,0.045867919921875,0.6012021196171476,True
rs7540134,1,74077588,T,C,TNNI3K,2.737,0.0078125,0.027587890625,0.1118268848678676,True
rs11263861,1,36628033,G,A,OSCP1,1.907,0.0,0.0,0.2690507487762485,True
rs4658559,1,243505950,T,G,SDCCAG8,0.861,0.01171875,0.09429931640625,0.5693076350406873,True
rs11807834,1,230272624,G,A,GALNT2,3.217,0.0078125,0.1671142578125,0.3856456514241012,True
rs1892346,1,66331478,T,A,SGIP1,0.958,0.0078125,0.040252685546875,0.4801937173885877,True
rs4702,15,91426560,G,A,SV2B,0.953,0.0,0.0,0.8295351677688838,True
rs2456020,15,78868398,C,T,RASGRF1,1.534,0.0078125,0.08868408203125,0.5041491276124163,True
rs35351411,15,61872197,A,C,VPS13C,1.943,0.0078125,0.03704833984375,0.2275327389959591,True
rs11638554,15,85148231,T,G,PDE8A,1.096,0.0,0.0,0.3277065808356705,True
rs4779050,15,83368738,T,G,TM6SF1,2.348,0.0,0.0,0.3949540571043139,True
rs56205728,15,40567237,G,A,RAD51,2.836,0.0,0.0,0.0666588436397312,True
rs117799466,15,34659517,G,C,AQR,0.905,0.0,0.0,0.0335318070159251,True
rs8025070,15,84823902,A,G,PDE8A,0.788,0.015625,0.026641845703125,0.1483234692066894,True
rs2255663,15,43829008,C,T,WDR76,2.372,0.015625,0.03369140625,0.3346889993821546,True
rs62018952,15,44080737,T,C,WDR76,2.527,0.01171875,0.03314208984375,0.3710110540330296,True
rs13107325,4,103188709,C,T,CENPE,1.99,0.015625,0.03021240234375,0.3658033157924209,True
rs34592089,4,102926923,G,A,MANBA,1.217,0.0078125,0.025787353515625,0.436462878415556,True
rs2333321,4,176859992,A,G,VEGFC,2.31,0.0,0.0,0.0703911664085178,True
rs215412,4,23423586,G,A,ENSG00000249547,0.007,0.0,0.0,0.0489350829630563,True
rs61405217,4,170322312,C,T,AADAT,1.442,0.0,0.0,0.3014976705244688,True
rs35734242,4,706700,T,C,TMEM175,1.635,0.0078125,0.162353515625,0.9538648164808986,True
rs11941714,4,31202669,G,A,LINC02497,0.005,0.0,0.0,0.0658888813267395,True
rs13145415,4,30823157,G,T,PCDH7,2.147,0.0078125,0.0264129638671875,0.046531775658339,True
rs1427633,4,167974142,G,C,ANXA10,5.216,0.0,0.0,0.0560181045916112,True
rs2710323,3,52815905,T,C,GLT8D1,2.389,0.0078125,0.044036865234375,0.0678850454999583,True
rs6799185,3,53101580,C,T,CACNA1D,0.055,0.01171875,0.0482177734375,0.1755319650401424,True
rs11130306,3,52541253,A,G,PHF7,5.612,0.015625,0.1080322265625,0.029777788570197,True
rs1060330,3,52288945,T,C,PHF7,5.512,0.015625,1.09765625,0.0329709053892664,True
rs7647398,3,180733150,C,T,FXR1,2.292,0.0,0.0,0.4955062494143991,True
rs9876421,3,36848316,C,T,MLH1,1.58,0.0078125,0.039703369140625,0.3678533447460559,True
rs17194490,3,2547786,G,T,CNTN4,0.807,0.015625,0.0247344970703125,0.1672253344291478,True
rs7617548,3,180998071,T,C,FXR1,2.073,0.0,0.0,0.3465718112256571,True
rs6798742,3,63903759,A,G,C3orf49,0.091,0.130859375,0.66064453125,0.3373787574004949,True
rs7634476,3,136398387,A,G,PCCB,1.568,0.0078125,0.0506591796875,0.3803240619823534,True
rs12489270,3,16875823,T,C,DAZL,0.095,0.01171875,0.0305938720703125,0.3400415765720007,True
rs13080668,3,53443354,T,C,CACNA1D,0.31,0.0078125,0.0361328125,0.1558182752997556,True
rs527888,3,136031358,G,C,PPP2R3A,2.1,0.015625,0.037017822265625,0.2243302981088994,True
rs1430894,3,17868759,C,T,TBC1D5,0.289,0.0078125,0.0275421142578125,0.67168718039362,True
rs741896,3,60290063,C,G,FHIT,0.094,0.0078125,0.0159454345703125,0.0125808207158391,True
rs9847461,3,17607956,C,G,TBC1D5,0.522,0.0078125,0.038238525390625,0.2003871634733494,True
rs308697,3,161487491,C,A,OTOL1,0.023,0.0,0.0,0.4079185458992207,True
rs60135207,3,71563777,G,T,FOXP1,0.409,0.0078125,0.02960205078125,0.4272596189788998,True
rs167924,3,107379837,A,G,BBX,0.283,0.0,0.0,0.0616962112766232,True
rs2470578,3,17330092,G,A,TBC1D5,1.355,0.015625,0.0865478515625,0.126799545205788,True
rs1604060,3,117772036,A,G,RNU6-1200P,0.117,0.0,0.0,0.288501770265725,True
rs6549963,3,30044778,T,C,RBMS3,0.626,0.0,0.0,0.0092681407935874,True
rs4129585,8,143312933,A,C,ZC3H3,2.209,0.0078125,0.032257080078125,1.0,True
rs73229090,8,27442127,C,A,STMN4,6.687,0.015625,0.08245849609375,1.0,True
rs6984242,8,60700469,G,A,RAB2A,6.236,0.015625,0.04730224609375,0.4095999083026337,True
rs10086619,8,111580570,A,G,H2AZP7,0.017,0.0,0.0,0.0114074931558781,True
8:4180090_T_A,8,4180090,T,A,ENSG00000286934,0.12,0.0078125,0.0179595947265625,0.0542435805919079,True
rs11136325,8,144870701,G,A,ZNF7,0.328,0.0,0.0,0.204007589243967,True
rs1915019,8,89283689,A,G,KRT8P4,0.117,0.0,0.0,0.0048772786175584,True
rs4921741,8,17070926,A,G,MTMR7,0.94,0.01171875,0.11376953125,0.4721560959456654,True
rs34587669,8,89601210,G,A,RIPK2,2.382,0.0,0.0,0.1191008129741152,True
rs79445414,8,33863561,T,C,ENSG00000188512,0.448,0.0,0.0,0.4996727613983346,True
rs7830315,8,65608361,T,C,MTFR1,1.481,0.0078125,0.02734375,0.3522936254821193,True
rs7001340,8,38262233,T,C,FGFR1,3.126,0.0078125,0.030120849609375,0.1020000174269119,True
rs11993663,8,10032894,C,A,MSRA,0.57,0.0,0.0,1.0,True
rs2600490,8,1024114,T,C,DLGAP2,0.148,0.0078125,0.034149169921875,0.087103478207102,True
rs778371,2,233743109,A,G,USP40,0.629,0.0078125,0.12091064453125,0.0192196667529343,True
rs13011472,2,57961602,C,G,VRK2,1.33,0.0078125,0.032501220703125,0.3013325398623668,True
rs1451488,2,199990107,A,G,TYW5,0.323,0.0078125,0.034423828125,0.2889051634788364,True
rs11680723,2,200810957,C,G,CLK1,9.371,0.01220703125,0.0865478515625,0.344564591501911,True
rs11687313,2,201146399,G,A,CASP10,1.002,0.015625,0.051483154296875,0.2045265591691206,True
rs7596038,2,58383820,C,T,FANCL,0.374,0.0,0.0,0.4381331362733934,True
rs699318,2,198281743,T,C,PLCL1,0.098,0.01171875,0.018463134765625,0.3936672681105894,True
rs13016542,2,145183851,T,C,RPL6P5,0.008,0.0,0.0,0.0538235852266889,True
rs12712510,2,22749726,T,C,RN7SKP27,0.006,0.0,0.0,0.006144231496594,True
rs700680,2,198707950,A,T,ENSG00000225421,0.048,0.0,0.0,0.0123354723139334,True
rs11693094,2,185601420,C,T,FSIP2,0.242,0.0,0.0,0.0255786264968479,True
rs16825349,2,146425531,A,G,PABPC1P2,0.107,0.0,0.0,0.2510756489867468,True
rs62183855,2,172956449,A,C,RAPGEF4,3.699,0.015625,0.05438232421875,1.0,True
rs6546857,2,73837955,A,G,DGUOK,8.235,0.01171875,0.02984619140625,0.0437537368401863,True
rs3770754,2,37575381,C,G,PRKD3,1.725,0.0,0.0,0.122632740516035,True
rs6748419,2,200261275,C,T,KCTD18,0.664,0.0,0.0,0.3548390396276155,True
rs72974238,2,225432470,C,A,NYAP2,0.278,0.0078125,0.033721923828125,0.3795464088940181,True
rs17016552,2,79433742,C,G,CTNNA2,0.253,0.0078125,0.039520263671875,0.4169477559755791,True
rs17584976,2,185926285,G,C,FSIP2,0.348,0.0,0.0,0.0662012535718729,True
rs2909457,2,162845855,G,A,KCNH7,1.002,0.0,0.0,0.1063559333376161,True
rs7575796,2,97746526,A,G,TMEM131,1.026,0.0,0.0,0.5323425784553386,True
rs6715366,2,2327295,G,A,MYT1L,0.359,0.0078125,0.048309326171875,0.1187709554668888,True
rs4672366,2,60389362,A,T,BCL11A,0.94,0.0,0.0,0.0773369272831727,True
rs3791710,2,212290048,T,C,ERBB4,0.988,0.0078125,0.0141448974609375,0.0752490595318723,True
rs1384292,2,213402641,G,C,IKZF2,0.701,0.01171875,0.03961181640625,0.3755411927548924,True
rs11692435,2,98275354,G,A,INPP4A,1.072,0.0078125,0.03900146484375,0.1795316270802603,True
rs1881046,2,156835793,G,T,GPD2,1.815,0.0,0.0,0.2711507643431149,True
rs11191580,10,104906211,T,C,SORCS3,0.954,0.0078125,0.037750244140625,0.1216182711767692,True
rs17878846,10,104630412,A,T,CFAP58,0.361,0.0,0.0,0.0613588703077898,True
rs6482437,10,18726326,A,C,ARL5B,2.263,0.0,0.0,0.2029590235565672,True
rs11191337,10,104317785,T,G,COL17A1,22.496,0.0078125,0.03564453125,0.1663485695773431,True
rs17731,10,3821561,G,A,KLF6,13.356,0.0,0.0,0.1041470830227023,True
rs61857878,10,92789488,A,T,IDE,0.597,0.0,0.0,0.1098409595020466,True
rs12771371,10,54063083,G,A,PCDH15,0.248,0.0078125,0.033843994140625,0.5978915123629162,True
rs7900775,10,106600343,T,C,SORCS1,0.866,0.0078125,0.039398193359375,0.2067389727207987,True
rs1000237,19,19518316,T,A,LPAR2,2.456,0.0078125,0.046630859375,1.0,True
rs7251,19,50162909,C,G,POLD1,4.703,0.01953125,0.1370849609375,0.2208944136642966,True
rs72986630,19,11849736,C,T,ZNF439,0.703,0.0078125,0.0765380859375,0.3809990403807901,True
rs2053079,19,30987423,A,G,LINC01834,0.036,0.0,0.0,0.0745948330086943,True
rs9636107,18,53200117,A,G,DCC,0.828,0.015625,0.02734375,0.0921842597375483,True
rs12969453,18,52751708,A,G,DCC,0.428,0.0078125,0.0288848876953125,0.0555822255192547,True
rs11664298,18,77578986,G,A,ENSG00000199392,0.017,0.0,0.0,0.0068713529001627,True
rs7235891,18,53454774,T,C,DCC,0.4,0.015625,0.037841796875,0.2223292813397392,True
rs1789595,18,53775254,A,T,DCC,0.019,0.0,0.0,0.7816494472319797,True
rs9304548,18,27500959,C,A,UBA52P9,0.007,0.0,0.0,0.0112378980925552,True
rs4632195,18,50746748,C,T,ME2,1.134,0.0,0.0,1.0,True
rs4700418,5,60621839,C,G,DEPDC1B,1.767,0.0078125,0.029998779296875,0.3946504578705228,True
rs10035564,5,45252500,A,G,HCN1,0.688,0.0,0.0,0.6631685515419644,True
rs72802868,5,152235215,G,T,NMUR2,0.187,0.0,0.0,0.5910317983388892,True
rs2910032,5,152540354,C,T,NMUR2,0.17,0.0,0.0,0.538000474494849,True
rs6880469,5,44975989,A,G,MRPS30,1.621,0.0,0.0,0.8480836844749702,True
rs16867571,5,88743219,A,G,MEF2C,4.045,0.0078125,0.03607177734375,0.5307540986389125,True
rs10036065,5,45702028,A,T,HCN1,0.316,0.0,0.0,0.1253048562218458,True
rs10117,5,137892170,G,A,FAM13B,2.057,0.0048828125,0.03857421875,0.0918984060039284,True
rs1901512,5,101723875,T,C,ENSG00000249495,0.009,0.0,0.0,0.0243596544472415,True
rs11740474,5,153680747,A,T,GRIA1,2.113,0.015625,0.040191650390625,0.98501781643119,True
rs10213756,5,45952600,T,A,HCN1,0.174,0.0,0.0,0.2913361817620525,True
rs17453530,5,151949209,G,T,GLRA1,0.237,0.0,0.0,0.2994633059520463,True
rs331395,5,91006918,C,G,ADGRV1,0.628,0.0078125,0.059906005859375,0.5183130252411966,True
rs9687282,5,139065988,T,G,MATR3,2.995,0.0078125,0.044830322265625,0.2164999164145742,True
rs12188094,5,90278217,A,T,POLR3G,2.301,0.0,0.0,0.2249330560367896,True
rs12652777,5,155775075,T,C,SGCD,0.6,0.0,0.0,0.0170272911761168,True
rs187557,5,106766340,C,T,ENSG00000250145,0.008,0.0,0.0,0.0001645729789983,True
rs246024,5,140333952,C,T,PFDN1,6.619,0.02783203125,1.025390625,0.4783792136723566,True
rs39967,5,57744788,T,C,ACTBL2,0.007,0.0,0.0,0.0324877444378973,True
rs4812325,20,37485458,G,A,NNAT,22.168,0.0,0.0,0.5878436840715972,True
rs6125656,20,48090779,G,A,SRMP1,0.032,0.0,0.0,0.1155048383810534,True
rs926288,20,41814164,A,G,CHD6,0.548,0.0,0.0,0.0538492372456565,True
rs113264400,20,62150128,T,C,HRH3,2.765,0.0078125,0.036163330078125,0.2373002621654342,True
rs12285419,11,46343189,C,A,MDK,19.824,0.015625,0.034942626953125,0.4426932091126845,True
rs2514218,11,113392994,C,T,TTC12,0.459,0.01171875,0.0243682861328125,0.779622022384924,True
rs12293670,11,124612932,A,G,VSIG2,5.749,0.0048828125,0.034027099609375,1.0,True
rs4936215,11,133852684,A,G,IGSF9B,1.476,0.0,0.0,1.0,True
rs11038927,11,46599248,G,C,MDK,20.206,0.0,0.0,0.437151877506045,True
rs10838634,11,46929954,A,G,LRP4,1.83,0.0,0.0,0.0318616651895896,True
rs893949,11,134296384,C,T,B3GAT1,2.565,0.015625,0.0272369384765625,0.636968105890282,True
rs61897848,11,47198638,C,T,NR1H3,2.196,0.0,0.0,0.0712205910177939,True
rs10894308,11,130891895,G,A,SNX19,0.902,0.0078125,0.0289459228515625,0.8154787462643114,True
rs11027839,11,24389235,A,C,LUZP2,0.818,0.0,0.0,0.1037853663049919,True
rs3016386,11,132572282,G,A,NTM,2.758,0.015625,0.04705810546875,0.8255731308983068,True
rs708228,11,57585662,C,T,P2RX3,0.622,0.0,0.0,0.1686844642365255,True
rs77502336,11,123394636,G,C,GRAMD1B,1.729,0.015625,0.03399658203125,0.4118802039237587,True
rs4937935,11,134580591,A,T,B3GAT1,2.213,0.0,0.0,1.0,True
rs72943392,11,81178838,G,C,COX6A1P4,0.011,0.0,0.0,0.0354506211305769,True
rs4636654,11,28642653,G,A,LINC02758,0.008,0.0,0.0,0.0033241892885684,True
rs3814883,16,29994922,C,T,MVP,9.011,0.015625,0.1907958984375,0.4548056044595661,True
rs8055219,16,13753384,G,A,ERCC4,0.26,0.0,0.0,0.2460539248608521,True
rs7191183,16,9900057,T,C,GRIN2A,0.797,0.0078125,0.027130126953125,0.029308825204719,True
rs4575535,16,89559297,A,G,DPEP1,5.344,0.0,0.0,0.17777790154998,True
rs7190823,16,89866043,T,C,DBNDD1,1.495,0.0078125,0.034881591796875,0.5196722750014666,True
rs149165,16,58659307,T,G,NDRG4,8.666,0.0,0.0,0.8766413583177349,True
rs5751191,22,42370991,T,C,CYP2D6,5.95,0.0,0.0,0.1786210776853977,True
rs9607782,22,41587556,T,A,SNU13,12.62,0.0078125,0.23486328125,0.2234698138126055,True
rs5758659,22,42622003,C,T,POLDIP3,4.351,0.01171875,0.03826904296875,0.1366505801359665,True
rs5995756,22,40000313,T,C,GRAP2,4.451,0.0078125,0.028167724609375,0.3122062553882306,True
rs713692,22,51109735,G,A,,0.0,0.0,0.0,0.0,False
rs133047,22,41027819,T,C,SLC25A17,2.826,0.0,0.0,0.4893003322450663,True
rs6520064,22,50294469,A,G,TYMP,7.082,0.015625,0.074951171875,0.857667475630951,True
rs6001259,22,39247750,C,T,APOBEC3H,1.38,0.0,0.0,0.146890555721017,True
rs2332700,14,72417326,C,G,RGS6,0.559,0.0078125,0.032867431640625,1.0,True
rs10873538,14,104255569,T,G,KIF26A,2.085,0.0,0.0,0.1118203815245346,True
rs12883788,14,33303540,C,T,NPAS3,0.314,0.01171875,0.0400390625,0.0886005004312853,True
rs17571951,14,30017039,T,C,PRKD1,0.294,0.0078125,0.013092041015625,0.0842406048875012,True
rs1540840,14,99733384,G,C,CYP46A1,0.925,0.0,0.0,0.9151873783663268,True
rs12432904,14,103812320,G,T,PPP1R13B,1.251,0.0078125,0.0352783203125,1.0,True
rs1953205,14,30300361,T,A,G2E3,0.531,0.0,0.0,0.0148558109459633,True
rs2999392,14,51655145,C,T,FRMD6,5.042,0.0078125,0.067626953125,0.0433146759935121,True
rs9318627,13,79930079,A,C,LINC01038,0.022,0.0,0.0,1.0,True
rs12877581,13,74325499,G,C,KLF12,0.55,0.0,0.0,0.110357932849197,True
rs2455415,13,38860697,C,T,PROSER1,1.976,0.015625,0.0276947021484375,0.1944503032634251,True
rs2532240,17,44265839,C,T,SLC4A1,14.604,0.01171875,0.1297607421875,0.2638961526104713,True
rs73292401,17,12875908,T,A,ARHGAP44,0.987,0.015625,0.0489501953125,1.0,True
rs57433322,17,19141582,C,G,EPN2,1.704,0.005859375,0.0291900634765625,0.0611450580875977,True
rs35076622,17,43856458,G,A,MEOX1,1.477,0.0078125,0.04412841796875,0.1829242803012059,True
rs3874943,17,44572068,A,G,ITGA2B,1.377,0.0,0.0,0.0933407743685147,True
rs56328224,17,43572419,C,T,MEOX1,1.811,0.0078125,0.0369873046875,0.3878939100297095,True
rs505061,9,22767164,C,A,ENSG00000224549,0.241,0.0,0.0,0.3223693966274737,True
rs498591,9,14509105,A,T,NFIB,0.847,0.0,0.0,0.1014765265466608,True
rs500102,9,77358745,T,C,GNA14,1.12,0.0078125,0.143798828125,0.3545958431503827,True
rs2381411,9,36319928,T,C,GLIPR2,8.31,0.0,0.0,0.537653589261989,True
rs3824451,9,101071522,T,C,PLPPR1,2.098,0.015625,0.0406494140625,0.5254707364557843,True
rs2078266,9,138378856,A,G,TUBBP5,0.333,0.0,0.0,0.1598137144627918,True
