gene,weighted_score,max_score,n_variants,score_DNase,score_H3K27ac,score_H3K4me1,score_H3K4me3,score_CAGE,score_CTCF,score_RNA
ENSG00000278217,197.34711970550538,212.0421142578125,33,14.996235741348267,71.2402240501404,96.42607019256596,188.1918858047485,83.38747284080507,17.126284986553188,19.711233938903803
TMSB4XP8,144.06613456359867,166.25926208496094,19,0.0,0.0,0.0,0.0,0.0,0.0,0.0
RPL23AP42,123.01713826236725,140.94268798828125,51,0.0,0.0,0.0,0.0,0.0,0.0,0.0
ACTC1,115.41859581481933,120.01911926269533,2,0.0,0.0,0.0,0.0,0.0,0.0,0.0
RPL39P3,112.95152565078735,125.44230651855467,5,0.0,0.0,0.0,0.0,0.0,0.0,0.0
RPL8,112.04835210517881,124.45401000976562,12,0.0,0.0,0.0,0.0,0.0,0.0,0.0
MIR3654,90.63893961203765,116.74107360839844,52,0.0,0.0,0.0,0.0,0.0,0.0,0.0
ENSG00000285043,83.81759455993651,99.8802490234375,36,14.239868440723418,4.9427316106081,3.0064683781695374,4.197728852791786,6.937942067608832,12.576737015199665,23.265459643497465
NRGN,67.23142474578854,38.79468536376953,42,0.5759696548275052,0.025717441533084848,0.07072288524334681,0.3336971890853343,1.4880942796483043,0.09748819547555221,1.1668274949196586
MYL2,67.18800036621094,67.62077331542969,1,0.0,0.0,0.0,0.0,0.0,0.0,0.0
RPL13,67.0922394070679,75.77302551269531,191,35.80149332397876,6.579964866342351,16.98262869107267,14.885127965336121,10.48149200075655,12.964066503247551,28.07206045958749
SERPINC1,66.03031079668277,102.29320526123048,93,0.0,0.0,0.0,0.0,0.0,0.0,0.0
H2AC20,60.90585805135726,73.30741119384766,134,0.15517615417350078,7.9821878129491814,12.77877425489426,8.286446962118148,5.744086685969354,12.487259185448645,0.07771428945495555
SELPLG,50.354506815719596,26.214954376220703,15,0.0,0.0,0.0,0.0,0.0,0.0,0.0
ACTG2,47.863625033420576,70.54122161865234,129,0.038664322467871895,0.20614607431600993,0.0034105920548853056,0.0031118964689949777,0.0028373472522295424,4.165282456017853,1.230647503666073
ENSG00000244313,46.44796929884721,69.37964630126953,39,0.0,0.0,0.0,0.0,0.0,0.0,0.0
CNN1,45.7165044807434,51.17223358154297,6,0.8932062721133232,0.11486793761625883,0.0011598433473728991,0.0020796576665248153,0.02327029971908774,4.640004942512513,1.940435601878166
RPS27,44.44309685481262,64.74262237548828,79,18.44977877879143,2.593947009160519,8.349385436850548,3.4585099631991385,2.00057647576952,6.329235796208384,13.036326381923676
YWHAE,40.86588527930071,22.14415168762207,33,0.0,0.0,0.0,0.0,0.0,0.0,0.0
NNAT,38.116489495969766,23.18704605102539,66,12.583751252421855,0.03654350013689595,0.0019020329003879071,0.00574693451641842,2.245405881764055,0.38714189259567844,0.5818878174954801
UGT1A9,32.775933775456686,21.633563995361328,208,0.0016033606916327008,0.0024469102341137376,0.0009727568969349294,0.0014007059168531322,0.0009938450358844284,0.005121809466689126,0.0023181882140672623
CLU,30.893943754431923,39.45819091796875,126,0.0,0.0,0.0,0.0,0.0,0.0,0.0
OAZ1,30.827074050655366,35.2880744934082,33,10.753780711997983,3.210340144862175,5.013543845287322,6.732130141322611,5.706448084826469,8.377189708626746,14.704827752859117
HPD,28.94270401342392,32.45558166503906,10,0.0,0.0,0.0,0.0,0.0,0.0,0.0
MYOT,28.53092499917566,22.45040702819824,148,0.0024685747859628316,0.00039248336179935935,0.0067476044919528196,0.002755204647259398,0.0009717242470663718,0.00016726146255102465,0.0006987870085929276
RPL24P4,26.50865106983185,27.716176986694336,3,0.0,0.0,0.0,0.0,0.0,0.0,0.0
ENSG00000198211,26.324154677176484,28.80470085144043,145,7.13741722898903,1.6479986437078953,0.03778758756726381,0.12172374709351508,2.4196606750798013,9.823321973550408,5.612630902820108
SMPX,26.13438984213065,31.51597023010254,33,0.0,0.0,0.0,0.0,0.0,0.0,0.0
COL5A1,25.46878367175102,36.15288543701172,10,0.7669153581357002,4.325574781404733,0.02537464583527291,0.027859208435653645,1.190841158415079,12.564409191641806,9.360641196160318
NAPSB,24.822790081005095,28.727340698242188,10,0.0,0.0,0.0,0.0,0.0,0.0,0.0
COX5B,23.575341340560914,35.509098052978516,4,7.29631967868805,0.9363902384912967,1.5519552361726763,1.573682491517067,2.1830294689583782,4.2049477053594595,7.837331507778169
PHGR1,22.597354769897457,24.830230712890625,3,9.130897098945978e-05,5.175100228484552e-07,2.1067295893953996e-05,0.00013149575298588222,0.00019491008579201858,3.6760514296474865e-06,4.1259386306046504e-05
H3P6,22.46047701629601,30.056264877319336,70,2.2488150354131706,0.315781365431395,0.2606412169075788,0.03817808549132716,0.05683989137815302,1.252506107741701,1.3059304151929259
KLK1,21.843012582778933,25.4348087310791,2,0.0,0.0,0.0,0.0,0.0,0.0,0.0
STAC3,21.81447954559326,22.67617416381836,1,0.0,0.0,0.0,0.0,0.0,0.0,0.0
CCT7,20.110978163833618,21.595375061035156,9,6.149899737787245,2.569574968142509,1.7480590150415898,1.6152962622797489,3.5062878561782838,7.255211091589928,4.798944877338409
CACNA1S,19.45519602966024,11.057694435119627,149,0.0,0.0,0.0,0.0,0.0,0.0,0.0
EIF4EBP1,19.304858644319545,22.58392906188965,106,6.52619491015625,1.3095699119211441,0.09916982183697069,0.26653134670221823,2.7318688227052683,4.8548165362749085,8.421973503113746
ARF5,18.71335326978226,10.957762718200684,98,9.644694014174224,2.349237604101203,2.0769240492253673,2.6329593555525195,5.21066534568522,9.844110247366567,11.230872388533497
BTG1,17.964796288967133,19.65534210205078,12,0.0,0.0,0.0,0.0,0.0,0.0,0.0
RRAD,17.05440456541253,19.914567947387695,41,0.0,0.0,0.0,0.0,0.0,0.0,0.0
ATP5MC3,16.768909396373083,16.73070526123047,283,0.0,0.0,0.0,0.0,0.0,0.0,0.0
SNORD3A,16.323833930358887,28.63066673278809,3,0.09610755188077688,2.5567410237073895,3.6213057774543755,5.723476216259002,4.732322695770263,0.9537262298035623,0.053665516665875865
ANPEP,16.21755528412351,13.378049850463867,100,0.0,0.0,0.0,0.0,0.0,0.0,0.0
PODXL,16.165478823130606,9.210042953491213,93,0.0,0.0,0.0,0.0,0.0,0.0,0.0
ATP5ME,15.897405981445312,16.235095977783203,1,0.0,0.0,0.0,0.0,0.0,0.0,0.0
ATP6V0B,15.40484135400108,39.49082946777344,384,3.3143668813468787,1.0857737071340519,1.343596651622056,2.016043953402737,2.173540808568021,3.752594650006113,5.113705771496669
RAB32,15.120734712601664,16.712984085083008,14,1.1568439697312118,1.9749200431892873,0.06676057354646171,0.05867723470195378,1.5397748135671616,4.318079805793286,5.86666535232401
SNORA74A,13.95447598864174,15.200678825378418,35,0.06217826208957094,0.25561697711968423,0.9381525704601407,2.7219732825605867,2.1741496196202044,0.055849073807384776,0.026668626225164107
MYOZ2,13.452524906700138,44.3586540222168,61,0.0005114165478674436,0.0011249248357548833,0.0007561700198533843,0.00028596509200775136,0.0022232153021492767,0.0014395547909054184,0.0030143510034577707
EIF3FP3,13.35560252729511,8.739603042602539,90,0.1483446004725024,0.061642918098451516,0.05382726412977456,0.014633222881132658,0.02081355305511217,0.1491275394285507,0.11039975648383045
KLF6,13.31558791475296,13.857118606567385,3,0.0,0.0,0.0,0.0,0.0,0.0,0.0
QPCT,12.748074663303857,8.385879516601562,84,0.36192560606756824,0.9223685701580645,0.06524603243303294,0.043097833313276886,0.5332282999162672,1.0675967466781133,3.1023995111201983
ENSG00000256500,12.723062745690363,16.721891403198242,96,2.8670690088387087,1.607771010493645,1.352580412231643,1.5018143089814158,2.3795902006769327,3.141182006969296,2.7038519603030693
PLBD1,12.620270858392717,13.679030418395996,11,0.0,0.0,0.0,0.0,0.0,0.0,0.0
MIR1282,12.544025674995426,116.96858978271484,23,0.0,0.0,0.0,0.0,0.0,0.0,0.0
ENSG00000257342,12.452951328659058,12.531902313232422,1,0.0,0.0,0.0,0.0,0.0,0.0,0.0
NCAM1,12.37779762781406,4.622265338897705,69,1.826115805356353,0.5528203428605497,0.037437648171370685,0.03735444985248972,0.7546628073213845,1.1053824968504156,0.933773726362079
HNRNPA1P10,10.97257973022461,11.078937530517578,1,0.0,0.0,0.0,0.0,0.0,0.0,0.0
ENSG00000258674,10.945764859845163,12.260117530822754,59,4.4626165188980105,0.6142774213860632,1.2111808405057198,1.426749024082899,1.7951435481985805,2.8960660729103087,3.9137453442006116
JAM3,10.813273308089258,4.378442764282227,28,5.717657171961427,2.8907244859280588,0.46290561872468877,0.40448566843455275,3.9878840074614885,8.975200534730913,4.2834616170123825
F2,10.540759477237701,62.607704162597656,15,7.195326917236409e-05,9.120713957870096e-05,9.636290423882616e-05,0.0006168275716896104,0.00048447360771264894,0.00017223645027487444,0.00012348366732702548
ENSG00000254732,10.44340792362213,28.14747428894043,16,4.632900973110199,0.549873698590994,1.8018327156448364,1.9519387905836105,1.97094731007576,2.4761830378723144,3.3662110667085647
GSTO1,10.269300659033771,13.089495658874512,34,1.8901731778112651,1.3102877909467217,0.9199140863417388,0.7013575751536488,1.792958044444323,3.8100873821005816,6.076029659821032
PRG2,9.93288119378853,20.323814392089844,25,0.0,0.0,0.0,0.0,0.0,0.0,0.0
MFAP4,9.6871211145401,25.33905601501465,1,0.0,0.0,0.0,0.0,0.0,0.0,0.0
RN7SKP203,9.331200022257805,10.994911193847656,73,0.0,0.0,0.0,0.0,0.0,0.0,0.0
MIR4697,9.274501167470213,3.6812901496887207,68,0.0,0.0,0.0,0.0,0.0,0.0,0.0
PPY,8.845481062345177,21.628551483154297,1148,0.0,0.0,0.0,0.0,0.0,0.0,0.0
S100A6,8.579937562210084,103.6194305419922,17,0.0,0.0,0.0,0.0,0.0,0.0,0.0
S100A14,8.446648790237429,65.90504455566406,20,0.0,0.0,0.0,0.0,0.0,0.0,0.0
RPL29P11,8.368304562355993,10.026824951171877,26,0.0,0.0,0.0,0.0,0.0,0.0,0.0
GRAP2,8.32402568467636,5.012347221374512,106,0.003376894687811837,0.0003938250902892253,3.5268900302678836,3.4514640414896127,0.030679372879539913,0.0003839402016428304,0.002322533570872134
MORF4L1,8.200385937747003,9.046571731567385,21,6.088196478468896,1.0583756835697888,1.739256752090454,1.4276780384669303,1.8609009240691665,2.5694270915715687,3.317924516726255
LY6H,8.062189296708105,8.181352615356445,2,0.0,0.0,0.0,0.0,0.0,0.0,0.0
CLTA,8.044225768779757,9.491252899169922,43,4.789810805098533,1.530194558566332,1.3585404659888747,1.2358918749272825,2.3711879812667367,4.764986820521833,5.114121770808218
GOT2,8.031442317937852,11.11884593963623,49,0.0,0.0,0.0,0.0,0.0,0.0,0.0
ORAI1,8.026506244016646,4.9715118408203125,23,1.7842861699410675,0.271725784672588,1.4073091906692388,2.653138312869786,1.2738044358970526,0.811362187534839,1.960270098476291
ENSG00000262533,8.014951867224692,8.971453666687012,82,0.0,0.0,0.0,0.0,0.0,0.0,0.0
TSC22D1,7.901442253613474,11.631800651550291,12,0.0,0.0,0.0,0.0,0.0,0.0,0.0
ENSG00000288899,7.772048211097717,8.503670692443848,10,0.6185316539645196,0.5694913235747815,0.4978050630378723,0.7451394841849803,0.6671858043801784,0.24154298740506172,0.3167165591490269
CCDC54,7.602381260800602,4.85504150390625,49,0.00050972779637126,0.00015805763777611897,0.00019198252900334156,6.168471046098601e-05,0.000416052029756504,5.8042081365575536e-05,0.00014618251903870754
PTGES,7.533353924522399,8.195661544799805,5,0.0,0.0,0.0,0.0,0.0,0.0,0.0
CTNNA1,6.8699902489442835,8.389836311340332,42,2.8396628130793578,2.878455135718108,0.23857965664964914,0.20052527760992941,3.5507623142633444,5.497165454492092,4.9603188176026345
ENSG00000263707,6.763810000998092,3.9245336055755615,179,0.0,0.0,0.0,0.0,0.0,0.0,0.0
ALDH3A1,6.470150856800078,8.16220760345459,19,0.0,0.0,0.0,0.0,0.0,0.0,0.0
VEGFC,6.44422222124028,2.5426032543182373,33,0.0,0.0,0.0,0.0,0.0,0.0,0.0
STMN4,6.373347538034058,7.864495754241943,131,0.0,0.0,0.0,0.0,0.0,0.0,0.0
PFDN1,6.314887881451132,7.424973011016846,177,0.0,0.0,0.0,0.0,0.0,0.0,0.0
IDH2,5.958631177195268,19.410804748535156,73,0.0,0.0,0.0,0.0,0.0,0.0,0.0
RAB2A,5.9290437032604215,6.580354690551758,18,1.7865800644481182,1.3192721547949313,0.9180386656880377,0.6728928867495062,1.053722191222906,2.4365224019312857,2.78258942144394
BNC1,5.896613364914416,6.700017929077148,51,0.0,0.0,0.0,0.0,0.0,0.0,0.0
ACMSD,5.875722218523024,6.2337141036987305,6,0.00014511442902070013,3.998791749480005e-05,6.508609013653767e-05,9.089187465935267e-05,0.00031519919854116946,5.171523657736543e-05,4.6080653149729186e-05
BNIP3L,5.861111299705506,6.28488826751709,7,2.631144845700264,2.2690997819423675,1.5665099403738976,1.1435588877916336,1.6050178446769716,3.126828118753433,3.9685745417356486
PROK2,5.734441782692911,7.18943977355957,33,0.0,0.0,0.0,0.0,0.0,0.0,0.0
RERE,5.55996739049716,3.187940835952759,159,0.0,0.0,0.0,0.0,0.0,0.0,0.0
THOC7,5.524694389872551,6.418174743652344,17,0.0,0.0,0.0,0.0,0.0,0.0,0.0
MRPS9,5.367763330683709,5.940528869628906,18,1.9891124701857568,0.32852049340158695,0.6557097802013159,0.4318323306217789,0.7276104990059137,0.8094860492652656,1.3559677723407748
ARL5B,5.3056480672304405,2.706430673599243,110,3.4330743881821166,1.432816428758478,1.6884613570791847,1.496188301738549,1.749771387360788,1.301134457096028,2.1220356560275717
TNFRSF14,5.16423176817894,5.435934066772461,7,0.010970495421811907,0.18205270767331122,1.1809670703482629,1.8938171823453904,0.12620854847922916,0.10910389721840613,0.4072531898015737
CER1,5.156009990429879,5.390859603881836,3,0.0,0.0,0.0,0.0,0.0,0.0,0.0
SYNPO2,5.10353094738007,14.923758506774902,134,0.013706172019188263,0.15104614215300968,0.02626788513133766,0.013624082048449166,0.00804417685054798,0.22201555583535135,0.1120035939871929
PJA2,5.01120618019104,8.058051109313965,40,0.0,0.0,0.0,0.0,0.0,0.0,0.0
LTV1,4.8604301021718985,5.571877479553223,10,2.0648331802129745,0.35593981803953645,0.8860433432519434,0.7703838764178752,0.7406835919624567,0.748259961669445,1.2377657052147388
ENSG00000271730,4.779446923277618,2.811276912689209,29,0.013172064857954994,0.008325869654415315,0.040025806551155584,0.036222969050802196,0.005383922943391025,0.0004855865018981943,0.0023610588656050487
VASN,4.718363749091627,6.980002403259277,43,0.3904359640787839,1.8518545436964038,0.0024137591641398173,0.01654452020654078,0.25504732116085277,3.100131633054256,2.7730580129518514
GRN,4.701294673956875,32.50819778442383,264,0.33362420794374936,0.4787289151445866,0.09280891406654716,0.1352225173948169,0.5616728586186887,1.1129426426231872,1.272208716675161
THYN1,4.529626754000663,4.726838111877441,13,0.0,0.0,0.0,0.0,0.0,0.0,0.0
MRPL33,4.442719475947381,9.279704093933104,51,1.6120663240439883,0.31573577789443746,0.5074148734687567,0.39665554512387524,0.5010728093110918,0.777184790668607,1.6810186341445448
EIF4BP6,4.437457252027514,5.059747695922852,17,0.08232394181843099,0.0992727537746578,0.06866852779328818,0.023324076409723563,0.03467574631216374,0.19292118730950353,0.07773092568269371
KLHL21,4.382493908760071,5.483055591583252,57,0.0,0.0,0.0,0.0,0.0,0.0,0.0
KIF11,4.347787006616593,4.5448174476623535,2,3.3783371945858,0.09871061188727613,0.047541504328697894,0.040538154600933136,0.45596348713338375,0.5930785938799381,0.3069903167009353
CAMKK2,4.3447956102170915,2.6172056198120117,36,0.0,0.0,0.0,0.0,0.0,0.0,0.0
GTF2A1L,4.335232996927484,3.173938512802124,125,0.026886912201266894,0.037714447648880024,0.009528360513760865,0.005946922691411138,0.029805787465578763,0.01949552266895243,0.025950357658225315
NDUFA12,4.304956651045321,4.748415470123291,18,0.0,0.0,0.0,0.0,0.0,0.0,0.0
HCAR2,4.221860600440026,5.553401470184326,111,0.0,0.0,0.0,0.0,0.0,0.0,0.0
MEF2C,4.034319816766263,4.490731716156006,20,0.0,0.0,0.0,0.0,0.0,0.0,0.0
NCOR2,4.0075339560551635,4.3306097984313965,74,0.0,0.0,0.0,0.0,0.0,0.0,0.0
NACA2,3.8376296222043043,4.320728778839111,10,0.0,0.0,0.0,0.0,0.0,0.0,0.0
CLMP,3.7277817884683615,3.8901076316833496,3,0.0,0.0,0.0,0.0,0.0,0.0,0.0
SORCS3-AS1,3.6912291743201022,2.6321218013763428,289,0.0,0.0,0.0,0.0,0.0,0.0,0.0
RHCG,3.544612143228531,37.01685333251953,20,0.0,0.0,0.0,0.0,0.0,0.0,0.0
PRDX6,3.4012316063207626,23.579736709594727,27,1.194613623194027,0.49724441926016816,0.1951768585435987,0.17732392659586674,0.5466148529298547,1.074280659490824,1.852573599210453
SNX8,3.3403927912740707,3.922122240066528,3,0.0,0.0,0.0,0.0,0.0,0.0,0.0
CKB,3.2914524710682285,43.004425048828125,68,0.0,0.0,0.0,0.0,0.0,0.0,0.0
GRIA1,3.2883450585348606,2.1915783882141113,111,0.16084067218838258,0.22776976418372238,0.002423973394277291,0.0019826352487126338,0.14518202748615666,0.4822118959098754,0.17374939986675222
FREM2,3.211554035660505,3.5859344005584717,60,0.4706283513048588,0.001920244674385946,0.002728085215513206,0.0018648508563896945,0.346290544634044,0.011073081691728853,0.013719842083785632
SNORD13,3.1980451142779374,20.15324592590332,105,0.008215740377414078,0.04933149894787165,0.4106968698766826,0.45314236340190645,0.5078176936847998,0.024710380267386294,0.0067150314677193465
LRRN3,3.1943057110559945,3.724083423614502,29,0.44334089145299777,0.04022953920408333,0.6616859053066374,0.3952584106096327,0.06396656511890139,0.061252424543481274,0.13704605528815086
RPN2,3.155965480718613,28.397197723388672,9,1.8304566780443188,0.38720731143331527,0.43001862733244894,0.3642125964183808,0.8606150742430687,1.2361534297237395,1.342338391026497
SDCCAG8,3.1361514621582036,5.233313083648682,21,0.6502796851891278,0.08258737042060489,0.23433558538656682,0.19591929885033518,0.22998979710187012,0.11061478551508476,0.25453411228546496
CETN3,3.104851767582893,3.583352565765381,20,0.0,0.0,0.0,0.0,0.0,0.0,0.0
CACNA1C,2.900307057281747,2.5570266246795654,82,0.05615620827952975,0.49531309527540246,0.004695440510448833,0.008054986508712452,0.13388530744301474,0.48435890418665384,0.27984103639952657
UFM1,2.8430841961996554,3.1361074447631836,22,1.6743036447434425,0.9878896012246607,1.1600520416070226,0.7649312192912102,0.96211707459867,1.720242646476626,2.1390054506704814
DPYD,2.7620791191025247,2.948845386505127,68,0.0,0.0,0.0,0.0,0.0,0.0,0.0
MAP3K20,2.7439526511383057,5.955853462219238,5,0.21027195913493635,0.4251663047093153,0.06134307307451961,0.03724114201240238,0.14953864281415938,0.4821789668434859,0.5183527591145038
FXR1,2.741379269764899,4.244170665740967,27,1.6919817138992548,0.5908920148365495,1.0009643417701726,0.7747225593767165,1.0615822439379095,0.8200590033853651,1.0657353138608927
ZBTB18,2.731779337415934,4.029806613922119,19,1.4404182430493386,0.18087929683063925,0.8898755343417526,0.989481922154009,0.7411317839073687,0.2208529599329829,0.35740636859163655
SNX7,2.717406413726745,2.3333277702331543,253,1.5232484729558078,1.2484605154662622,0.010221006910171845,0.006542835073394053,1.0558385881551253,1.9818086670082766,1.8792222367309448
LINC01949,2.713001987971306,3.2767302989959717,25,0.0,0.0,0.0,0.0,0.0,0.0,0.0
MIR203A,2.6761834369457205,3.464914560317993,120,0.0007918725799078907,0.0003288167479604716,0.00028048392444816634,0.0015421676905043066,0.0017104132008772244,0.00044621418315060407,0.00011993229327560185
NTM,2.6212478567457196,2.875763416290283,20,0.5876772088420391,0.1549976124706864,0.017758537109540735,0.01746887781023044,0.2499831125125289,0.49038571635395295,0.5828430632412435
BDH2,2.6010103926944734,2.622739791870117,1,0.0,0.0,0.0,0.0,0.0,0.0,0.0
CHRM2,2.5076594008395405,2.9189186096191406,34,0.00796506798827913,0.050709651010342645,7.539103767042487e-05,4.770825057985793e-05,0.01731206649022729,0.24994999259256298,0.885959871627925
ZNF281,2.470962056873799,2.7525463104248047,22,0.0,0.0,0.0,0.0,0.0,0.0,0.0
ANTXR2,2.4571713842535012,2.676716566085815,16,0.0,0.0,0.0,0.0,0.0,0.0,0.0
EPHA7,2.405570173074628,1.7396316528320312,317,0.0,0.0,0.0,0.0,0.0,0.0,0.0
TMEM213,2.3801544035291666,2.5335800647735596,5,0.0006675264064018253,1.3713777015709637e-05,0.011719064564648989,0.01064948345585722,0.0013753076212922486,2.1836078544711197e-05,5.05315820976466e-05
MAP7D1,2.345485238297939,13.435770988464355,20,0.7997665636062623,0.2642361561813355,0.33030267764857424,0.6196965265839101,0.77331709902215,0.8408990854729417,0.9275926550710201
DNMT3A,2.3396632771380546,1.8603274822235107,28,0.0,0.0,0.0,0.0,0.0,0.0,0.0
ENSG00000205976,2.306881692023277,2.5502710342407227,7,0.0,0.0,0.0,0.0,0.0,0.0,0.0
MAIP1,2.2336076000871663,2.4281365871429443,72,1.1757098131943928,0.30997884152743216,0.4491908159078657,0.4252089561727642,0.444875115155995,0.7368163841001394,1.0328400098946093
ENSG00000260362,2.2321688460593223,6.383878231048584,37,0.0,0.0,0.0,0.0,0.0,0.0,0.0
B3GAT1,2.1894692050957683,2.5550947189331055,14,0.0,0.0,0.0,0.0,0.0,0.0,0.0
SLC25A32,2.172704207801819,3.901035070419311,4,0.0,0.0,0.0,0.0,0.0,0.0,0.0
KIF21A,2.1577287276091575,2.3793790340423584,27,0.0,0.0,0.0,0.0,0.0,0.0,0.0
ATP2B1,2.1571544772768014,4.318419933319092,33,0.0,0.0,0.0,0.0,0.0,0.0,0.0
ENSG00000258749,2.1087161250019073,2.4143590927124023,2,0.0021123516310984232,0.011093364305319242,0.08357313005425036,0.12144903383344409,0.017067474814206354,0.002468550335685643,0.0011919929125112608
DNAJC19,2.1044797245867253,2.5545461177825928,69,0.0,0.0,0.0,0.0,0.0,0.0,0.0
EPB41,2.0601631345803497,2.8949668407440186,42,1.0319148222357746,0.0629209205640405,1.2528366612959143,1.1638432829688665,0.5280398733334183,0.08498210480267025,0.15367402659390117
PDE4B,1.9926933105397224,2.2203304767608643,18,0.29255537393718956,0.14846039944767947,0.9737636835330726,0.9304913604784013,0.8372115777039528,0.1821433712114393,0.5269581964564324
TMEM100,1.9923235331940652,2.209264039993286,10,0.0,0.0,0.0,0.0,0.0,0.0,0.0
ASTN1,1.9831857793629166,2.2779784202575684,8,0.0,0.0,0.0,0.0,0.0,0.0,0.0
GYPA,1.9805176116614334,5.489863395690918,89,0.0,0.0,0.0,0.0,0.0,0.0,0.0
PLPPR1,1.979703669427633,2.1744956970214844,20,0.26688691058024766,0.0007488514163466756,0.0004929304768604391,0.00045312871189900667,0.05821679541695859,0.0028906212840973827,0.008172837744266663
LIMA1,1.9726487573010922,3.5188679695129395,17,0.0,0.0,0.0,0.0,0.0,0.0,0.0
SNORA73A,1.9617412725769043,95.0455093383789,83,0.00601885473693162,0.11355081942455764,0.3494926096071244,1.1574765275398258,0.6553621855298993,0.017425232839307195,0.003703339623451977
CHST11,1.923296592590809,2.1154160499572754,9,0.628160823828578,0.20710471353352064,0.7814734820318222,0.8149093092799188,0.6747650288593768,0.3633864474886656,0.5812662178814411
PLCL2,1.899087413930893,2.219083547592163,14,0.2307805903983116,0.22417837947770955,1.1969597812318802,0.8942272461414337,0.4212882331937551,0.15007734209850426,0.21534702158436173
TBL1XR1,1.8900707937693595,3.6929547786712646,17,0.0,0.0,0.0,0.0,0.0,0.0,0.0
ARMC1,1.88407380439806,2.486170530319214,23,0.0,0.0,0.0,0.0,0.0,0.0,0.0
COL17A1,1.8803393206024168,23.192907333374023,2,0.0,0.0,0.0,0.0,0.0,0.0,0.0
EVA1B,1.8596906192259786,7.095110893249512,15,0.0,0.0,0.0,0.0,0.0,0.0,0.0
VPS13C,1.8386513090810777,2.038856506347656,22,0.0,0.0,0.0,0.0,0.0,0.0,0.0
RAPGEF4,1.8276943308329585,3.9162092208862305,6,0.020481648075431562,0.0022822977520385477,0.004746138322148451,0.004366527785761254,0.1289392683160305,0.004168048245869553,0.008911910349018854
TSPAN2,1.775774815370977,3.2872414588928223,15,0.0,0.0,0.0,0.0,0.0,0.0,0.0
OSBPL3,1.7696514695235492,2.307036876678467,12,0.0,0.0,0.0,0.0,0.0,0.0,0.0
SRSF4,1.749594981253266,2.3238532543182373,31,0.0,0.0,0.0,0.0,0.0,0.0,0.0
PTPRK,1.7457789548152685,1.9577142000198364,18,0.0,0.0,0.0,0.0,0.0,0.0,0.0
TMTC1,1.7390136404836178,1.860140323638916,13,0.0,0.0,0.0,0.0,0.0,0.0,0.0
SLC35D2,1.7295846560978891,3.3111374378204346,15,0.0,0.0,0.0,0.0,0.0,0.0,0.0
LINC01950,1.6837043717590572,1.9183616638183592,15,0.0,0.0,0.0,0.0,0.0,0.0,0.0
SEC24D,1.654649843980313,2.8466696739196777,109,0.0,0.0,0.0,0.0,0.0,0.0,0.0
MRO,1.6512729975867275,1.8882403373718264,16,0.0,0.0,0.0,0.0,0.0,0.0,0.0
ASXL2,1.645976048610687,1.9185913801193235,16,0.0,0.0,0.0,0.0,0.0,0.0,0.0
CSF3R,1.6404233372135162,7.009527683258057,6,0.0,0.0,0.0,0.0,0.0,0.0,0.0
DEPDC1B,1.5720148979485034,1.86753511428833,14,0.0,0.0,0.0,0.0,0.0,0.0,0.0
NLGN4X,1.5152893261255023,1.8059942722320557,40,0.0,0.0,0.0,0.0,0.0,0.0,0.0
YIPF6,1.5064391957247258,1.6468430757522583,5,0.6469759031939507,0.3466212139350176,0.4144445379012823,0.3478838937228918,0.43265848269164564,0.4929079251897335,0.6444303579771519
FHL5,1.4717836862373355,2.615906238555908,30,0.0011612702866538596,0.0026620829799258745,0.00019034268007216953,0.00012162003273039274,0.010187578278277043,0.0012430372752830995,0.004303573385165044
PPP2R3A,1.466262013462901,9.359374046325684,17,0.08273020310217141,0.06345292833238095,0.010994853404097244,0.008370354093252668,0.0659449556723684,0.06820915883336215,0.07163721308165043
ZNF260,1.414320534957647,1.4836517572402954,4,0.0,0.0,0.0,0.0,0.0,0.0,0.0
NPY6R,1.4039517415571212,7.055811405181885,5,0.00014599544567927913,2.2207846035157228e-05,3.4355795773578135e-05,5.3673003748254825e-05,0.0002691243486985199,4.229856323922176e-05,0.0010198674250463857
MIR7706,1.3902079310760498,3.406862258911133,61,0.08620082972531767,0.4380306307791471,0.15221153898242112,0.08611566460940241,0.07863942694617808,1.0390867725263842,0.08241556431505076
AUTS2,1.3556246011803146,1.4787136316299438,50,1.1963089740396744,0.03979269802180673,0.1308755812721252,0.3480138151926695,0.5824996699266436,0.04532367090851434,0.2202799738880843
MIR99A,1.3492917777371407,1.3854166269302368,4,0.002335327444351251,0.18816303253486746,0.0056145994753343175,0.0012040323642175067,0.0678578286276012,0.020993088416755158,0.0012184758889115849
PRKD1,1.320574079669118,1.1043275594711304,19,0.0,0.0,0.0,0.0,0.0,0.0,0.0
MALRD1,1.316350537706137,2.844728469848633,41,0.0002123909681471147,3.922012989287508e-05,4.572821664453707e-05,4.106058398749698e-05,0.000931892926815871,9.93947720499899e-05,0.0004688198601169048
MSL2,1.307325630954265,2.3026247024536133,30,0.0,0.0,0.0,0.0,0.0,0.0,0.0
GOLM2,1.2835874531140328,2.5400137901306152,7,0.6913500295019149,0.6160503994119167,0.3231230350224376,0.20966632797700166,0.40116782037329674,0.9401735604554415,0.890260220066905
NDRG4,1.2820876216316224,9.645973205566406,6,0.04752631183564662,0.003548860720954829,0.0012134298603702297,0.0027591046297736435,0.06626974181741475,0.022955413022786374,0.019300942588001482
GYPB,1.2481583539340737,3.662148952484131,88,0.0,0.0,0.0,0.0,0.0,0.0,0.0
RIPK2,1.177046580303311,2.820478677749634,110,0.21654583348556755,0.22867577090317592,0.24452496733478898,0.260456933392337,0.1851556059189022,0.3153502589471996,0.5914437224425794
CD226,1.1700337159252174,1.3449240922927856,61,0.0,0.0,0.0,0.0,0.0,0.0,0.0
GNA14,1.1406633460116384,1.2520779371261597,5,0.0,0.0,0.0,0.0,0.0,0.0,0.0
HABP4,1.1402825553967952,3.3177053928375244,10,0.2677318472672701,0.12231635741835835,0.1086701414283514,0.12827689265337586,0.13512131629723315,0.2675059505025745,0.2495276500710845
CASQ2,1.1291160898952484,16.939022064208984,6,0.0,0.0,0.0,0.0,0.0,0.0,0.0
NAT8,1.1230625076446534,7.044225215911865,12,0.0,0.0,0.0,0.0,0.0,0.0,0.0
SP4,1.0825553023576735,1.1384568214416504,5,0.5877408302974702,0.1450724569171667,1.0181019688391686,0.8394432141673563,0.4012571004939079,0.09882051673352711,0.1536755200016498
PDE10A,1.0634223984968356,1.4630193710327148,434,0.0,0.0,0.0,0.0,0.0,0.0,0.0
LMBRD1,1.0566595926013407,1.2309948205947876,113,0.0,0.0,0.0,0.0,0.0,0.0,0.0
PDE7A,1.056645127046585,6.947577953338623,17,0.0,0.0,0.0,0.0,0.0,0.0,0.0
PP1P,1.0511978006188993,1.453707575798035,140,0.0,0.0,0.0,0.0,0.0,0.0,0.0
ENSG00000264015,1.046386325235322,0.2615644037723541,55,0.08508896362313602,0.0008410807742244724,0.0014710018523537115,0.0024685679890307567,0.09564616290348368,0.0008865403378751042,0.004783949576393348
ENSG00000259375,1.0256191609625818,4.057285785675049,22,0.0,0.0,0.0,0.0,0.0,0.0,0.0
RGS6,1.0089146398721334,0.6169590950012207,61,0.05495330852518779,0.004092332803297841,0.020610531306476245,0.02263043517674589,0.037801976126449116,0.006184907414663491,0.010971592778175067
NT5DC3,0.9922958738195895,1.584214210510254,12,0.0,0.0,0.0,0.0,0.0,0.0,0.0
DUSP26,0.9919418383578775,7.760360717773437,35,0.0,0.0,0.0,0.0,0.0,0.0,0.0
NXPH1,0.9906148318241833,1.1369377374649048,16,0.01587406764811271,0.00023648234851397502,0.0001806149783593825,0.00011456156404427745,0.010743402116348,0.001270329629494417,0.0028592344330062
YTHDF2,0.9796812358399867,5.424103736877441,38,0.8209203307947635,0.17360544472243788,0.2613251515870214,0.277112224788177,0.40436492939388746,0.35079983780292273,0.42147408436398515
ROGDI,0.9723882128863336,8.903871536254883,27,0.0,0.0,0.0,0.0,0.0,0.0,0.0
ELAVL4,0.9623144580459596,3.7155508995056152,10,0.06888314974039791,0.00020558197739095553,0.0006045421876764033,0.0004166432548174405,0.014686512316986906,0.0006852416333288255,0.003687137646290918
SV2B,0.9517398372430802,0.9531619548797609,1,0.06288283851984139,0.0034133912980276624,0.002953825131014878,0.0022373961140903943,0.10332020311796661,0.005719249547587619,0.015047351624261497
U3,0.9226751145038605,3.143590927124023,14,0.0,0.0,0.0,0.0,0.0,0.0,0.0
SKIDA1,0.9208867794990541,1.177233099937439,3,0.0,0.0,0.0,0.0,0.0,0.0,0.0
ADPRS,0.8946388720645904,7.969111919403076,18,0.20112482090735434,0.0743057531439662,0.10503445195668934,0.13858792427492142,0.1529129333373308,0.2758243842387199,0.1579366231576204
KCNH7,0.8796675577169656,1.0958306789398191,22,0.0,0.0,0.0,0.0,0.0,0.0,0.0
ERI3,0.8640174080380228,3.525482654571533,90,0.0,0.0,0.0,0.0,0.0,0.0,0.0
FAF1,0.8591958321819305,2.7303197383880615,21,0.0,0.0,0.0,0.0,0.0,0.0,0.0
NR4A2,0.848733732564211,10.21509075164795,20,0.0,0.0,0.0,0.0,0.0,0.0,0.0
AADAT,0.845601399028182,1.7011765241622925,13,0.0,0.0,0.0,0.0,0.0,0.0,0.0
SNX19,0.8454911604658364,0.9252182245254515,61,0.0,0.0,0.0,0.0,0.0,0.0,0.0
ENSG00000199927,0.8378087297000885,3.2065091133117676,14,0.0,0.0,0.0,0.0,0.0,0.0,0.0
LINC02742,0.8206186795123251,2.019587516784668,204,0.00011536660237432209,0.009591115977088477,3.9046545286377465e-05,3.545744269518491e-05,0.004492799749980992,0.023524772707328417,0.013821062367656617
COL9A1,0.8141191978049278,1.4501794576644895,34,0.0,0.0,0.0,0.0,0.0,0.0,0.0
ENSG00000242828,0.8065139281101225,1.450161695480347,276,0.0,0.0,0.0,0.0,0.0,0.0,0.0
ENSG00000271830,0.7986854631471634,2.4896605014801025,4,0.0,0.0,0.0,0.0,0.0,0.0,0.0
LUZP2,0.7670265622175337,0.8438255786895752,54,0.03364186101708557,0.017787966410526036,3.272714818400708e-05,3.7458872158786116e-05,0.01668830382502075,0.06309434687981748,0.04354376879939806
CNTN4,0.7648012807208299,0.8665158748626709,9,0.06186645333006976,0.01866968598876145,0.0033312369872093533,0.002552898082865806,0.037297489661946834,0.021537775638867107,0.031202247045747877
ANAPC5,0.7376690749471188,2.4146175384521484,11,0.0,0.0,0.0,0.0,0.0,0.0,0.0
ENSG00000226043,0.7155996951094865,0.8953192830085754,29,0.0005378899264813067,0.0005380254003637393,0.00046289737485256683,0.00038328660041191055,0.003635718600259808,0.0002720791952935454,0.0006322414892121033
UFL1,0.7086905305409432,2.2455406188964844,9,0.34972806639313697,0.24619932401895525,0.34151436682224273,0.21427216105222702,0.23182026503264905,0.3177829790717364,0.47570054673433304
NEGR1,0.7013359933649301,1.169392466545105,14,0.0,0.0,0.0,0.0,0.0,0.0,0.0
TMEM161B,0.6823639013910294,0.7475579977035522,16,0.0,0.0,0.0,0.0,0.0,0.0,0.0
ESPN,0.6607397996473313,16.887720108032227,8,0.011847097205407916,6.0718092402082795e-05,0.008390106368824837,0.025675443906039,0.006104392898980525,0.00014763855513892096,0.0008759841002405111
SLC4A1,0.6571691170132637,17.64352035522461,266,0.0,0.0,0.0,0.0,0.0,0.0,0.0
BCL11A,0.634402965612471,0.9960092306137084,26,0.0,0.0,0.0,0.0,0.0,0.0,0.0
CEP162,0.6319576622693536,0.8632705211639404,37,0.0,0.0,0.0,0.0,0.0,0.0,0.0
CHRM3,0.6310679085254669,0.6475387811660767,2,0.015620001623406966,0.003799318159557837,0.0001304189957910491,0.0003216710581676616,0.07109351235926148,0.02110628043487661,0.027121127151697857
SRL,0.6234406294665336,12.953067779541016,10,0.0,0.0,0.0,0.0,0.0,0.0,0.0
CTAGE16P,0.6132492917073552,0.796416699886322,523,0.0002038678391846962,5.636968544343581e-05,0.00012221600845701387,4.391465398709351e-05,0.00037769688164449885,3.396920410108009e-05,9.31979125656665e-05
LINC00494,0.609662110545218,1.060997486114502,17,0.0005603746648584664,3.670319701894641e-06,0.005252827711307871,0.005220333374401977,0.0004507740307465906,3.1511326814490986e-06,2.076368934696984e-05
CDH13,0.5806051536256074,0.6444553732872009,9,0.0050826991538330275,0.1095284738841652,0.00045106149620024593,0.0005524666870379008,0.05221340024903412,0.21658364990785714,0.01884508206803345
ACTBL2,0.575696395897627,4.881831169128418,8,0.0,0.0,0.0,0.0,0.0,0.0,0.0
HCN1,0.5634158932219149,0.6881287097930908,6,0.0,0.0,0.0,0.0,0.0,0.0,0.0
CTDSPL2,0.5610903482704163,2.915128231048584,2,0.37051485270786283,0.11565145018959046,0.2290257990922928,0.19808840240383147,0.1892174541721344,0.15178625784349442,0.16095546750926973
FAM157B,0.5407144567966461,0.5412557125091553,1,0.003939537535887196,0.003835536308353762,0.008537910237908298,0.004748210817575443,0.003658181406324726,0.0016918935809516803,0.003136707809055188
ADGRV1,0.5397896025297043,0.6829557418823242,25,0.09638211383298036,0.008001541779455681,0.005405614594705358,0.0037025778622249627,0.0821473324217647,0.00852429433993059,0.01603055473469194
TRHDE,0.5361218688211442,0.6367059946060181,46,0.0320158639050163,0.32083962768352037,0.0003125408884869953,0.0002932920136928312,0.044183196796551305,0.35077754062667477,0.2837809976313114
SGCD,0.5282394219617844,1.0255006551742554,64,0.0007079870311616994,0.000737691158620185,2.063426503324263e-05,1.575674950294433e-05,0.0031290451774224153,0.000732484296432119,0.00024250566339612326
BABAM2,0.5181292764909268,1.5299004316329956,30,0.11163511115545029,0.15774139434286952,0.1709725253980159,0.15093928742152452,0.10646984164363145,0.19611797684895996,0.1988233082869947
TTC14,0.49645505480003355,2.379927158355713,20,0.1817201031655073,0.05902881972730158,0.2665431210925579,0.2410164657723904,0.11957339914488795,0.05447690371727942,0.10397740740975737
CNKSR2,0.4897668571650982,0.4933684468269348,1,0.057565759224817104,0.00924025693880386,0.07391139759868375,0.06140649415254589,0.026759638522937872,0.006616781175462447,0.003998019559588237
PTN,0.4834967767193794,19.38682746887207,3,0.0,0.0,0.0,0.0,0.0,0.0,0.0
MAGI2-AS3,0.4662006769954972,0.7779767513275146,121,0.07189724691888105,0.1899306057029249,0.0009003670332002929,0.0008139965680992077,0.06188869577327791,0.10641724166534493,0.2574547392625406
SMARCA5,0.45657430076475136,9.690484046936035,14,0.29830348904786114,0.0844390168009281,0.16207485258824822,0.1007665857761979,0.1516295470974207,0.1406002022848249,0.19020810320105555
LINC01612,0.4523468674081862,1.5511925220489502,17,0.0015741811901393659,9.328855573472506e-05,0.00017885540795161802,0.00013208782213290822,0.0012476776770152975,0.00017026312773355345,0.0005579042370675349
GRIN2A,0.44531483026659496,0.96695876121521,26,0.0,0.0,0.0,0.0,0.0,0.0,0.0
DBF4P1,0.4225009585733413,0.4812279939651489,17,0.0,0.0,0.0,0.0,0.0,0.0,0.0
PAPOLG,0.41525117050981536,1.5947906970977783,18,0.2748110512885451,0.08835918620738387,0.19923559584271908,0.17955928691321613,0.17814443812900776,0.10093844390052556,0.11127995011270049
TEX41,0.3918574043551087,0.263087660074234,11,0.0005780606145711292,0.07533933530803769,8.215997484177932e-05,6.752590691179648e-05,0.0010951670227221707,0.005392810598593113,0.0038663554323976274
ENSG00000286797,0.3909769316995143,0.4851276576519012,3,0.03770338338755066,0.004263790335412999,0.001456525326140645,0.0012149661120212977,0.034593424176648235,0.003199690817412905,0.005448669858034665
CLIC4P1,0.3717191334962845,0.3756256401538849,1,0.001422464405745218,0.01613627365678545,0.010990555942058498,0.0035966031292452576,0.0036650475660338724,0.004323707991838376,0.00460733619332309
ENSG00000243828,0.3698178436377525,0.8795343637466431,213,0.0,0.0,0.0,0.0,0.0,0.0,0.0
ENSG00000270103,0.36181515781631457,20.469942092895508,20,0.00042977798891644846,0.007016806103113291,0.07288063645291327,0.046146011110079294,0.043129917389166356,0.006363044730067253,0.0005923384550176554
ATP5MJ,0.3585210764226821,9.811999320983888,211,0.0,0.0,0.0,0.0,0.0,0.0,0.0
MYT1L,0.3564431779533625,0.4002768695354461,16,0.0,0.0,0.0,0.0,0.0,0.0,0.0
GDI2P2,0.3557625333454608,1.3027364015579224,20,0.0017394893709481568,0.0010683960477269573,0.002391227664996851,0.0002833730344248388,0.0007008933904287209,0.0007873436236204463,0.004309880826022459
FUCA2,0.3541016305351258,5.3717241287231445,2,0.0,0.0,0.0,0.0,0.0,0.0,0.0
NYAP2,0.35379247707635153,0.5370876789093018,34,0.0044518846711981575,3.857207848306644e-05,0.00010298980437108192,0.00011862490250818935,0.006201384584018915,0.0001125777248599212,0.0004499139769561103
PKP1,0.3527020648646354,34.12350082397461,19,0.00014133742245342533,0.0011833550050016487,1.5783689471263727e-05,4.9932834245892584e-05,8.217163489237359e-05,0.0018506869523122896,0.00012293679640633
GRM3,0.343485753459692,0.3766203224658966,2,0.007836090321393622,4.3268486942695746e-05,6.306961043907904e-06,8.623005672239742e-06,0.0053229255185601974,0.00020610338258831526,0.00017784648232528285
HNRNPA0,0.3402487382483482,3.770904779434204,1,0.0,0.0,0.0,0.0,0.0,0.0,0.0
FOXN2,0.33797190267317284,1.842658758163452,121,0.1921140150609196,0.13462136466227181,0.2700539019038319,0.17569464674383997,0.13154849011926056,0.0911717862267077,0.15375610896986136
NMUR2,0.3308633322123534,0.316550612449646,175,0.0,0.0,0.0,0.0,0.0,0.0,0.0
MRPS21,0.32603433889770506,17.18267822265625,4,0.1426113568572998,0.010529379040658475,0.026070757318973542,0.024155957053780555,0.03677787583506107,0.04029348171281815,0.08568749274110793
FOSL2,0.3189800970077515,8.47449779510498,1,0.007026932616829872,0.06397896938800812,0.04280016958713531,0.0708028024148941,0.025089136457443238,0.07516244858741761,0.1084307995891571
NPAS3,0.30461166779202214,0.3637169301509857,18,0.036051263229079464,0.013989558114150485,0.0075025258701657055,0.006622559036956622,0.06307072580167275,0.012687107842626942,0.010765450797658406
LRRIQ3,0.30452357550099474,0.9834550619125366,85,0.0,0.0,0.0,0.0,0.0,0.0,0.0
TACR3,0.2961532116946134,0.5470127463340759,243,0.0,0.0,0.0,0.0,0.0,0.0,0.0
C6orf118,0.28722939090449223,0.6149996519088745,38,0.0,0.0,0.0,0.0,0.0,0.0,0.0
S100A4,0.26837304311370846,63.9897575378418,1,0.0,0.0,0.0,0.0,0.0,0.0,0.0
ERCC4,0.26748075181901454,0.2827458679676056,9,0.12223453523620958,0.1192824468040466,0.1520559424260258,0.12015279018893835,0.10374807887434954,0.08710678103446955,0.1405594557711482
DRG1P2,0.25710620982018123,0.4686356782913208,86,0.0,0.0,0.0,0.0,0.0,0.0,0.0
ENSG00000284431,0.24278734897947313,8.491276741027832,3,0.050086151436448095,0.015200678468883039,0.024694248764276505,0.02320648912292719,0.022759400317728516,0.042344724472403526,0.04035054170382023
MFAP1,0.23355906480932234,6.38898229598999,7,0.0,0.0,0.0,0.0,0.0,0.0,0.0
ENSG00000217878,0.23132555537265248,0.983357071876526,113,0.0,0.0,0.0,0.0,0.0,0.0,0.0
CYSTM1,0.23071545421504974,6.793691158294678,8,0.053903564983487126,0.009607182783424852,0.003776358524024485,0.006309381313458084,0.01796126061892509,0.030440200339972974,0.07736516657853125
ENSG00000188512,0.23017725381849227,0.746234118938446,118,0.0,0.0,0.0,0.0,0.0,0.0,0.0
GFAP,0.22730555345630649,29.335935592651367,28,0.0,0.0,0.0,0.0,0.0,0.0,0.0
VRK2,0.22631392266702652,1.3692970275878906,3,0.05417632719045877,0.05317863478404283,0.09582644834673404,0.058131746769607064,0.05275747757840156,0.05926588805222511,0.07929353561574219
NUDT1,0.22513515617494587,3.579140901565552,2,0.07660425061769485,0.007286213490504026,0.005683053451372681,0.0070512687930464725,0.026884044274520874,0.03703553695421219,0.044354630615007884
FRMPD4,0.22234015185180306,0.2067430466413498,31,0.0019057547323649727,0.04061955335976177,3.76569597587859e-05,5.308966841080474e-05,0.004964441096223373,0.05272271152167015,0.00500826256069417
LINC01609,0.21581677511632444,2.0420122146606445,9,0.0,0.0,0.0,0.0,0.0,0.0,0.0
LARP4,0.21420935235691074,1.903416633605957,15,0.13355199225080014,0.06819373782122137,0.07357433304321764,0.05658633425664901,0.09654714974033832,0.06285055874091386,0.09315175697362423
FER,0.21282388400119537,1.0149695873260498,39,0.0469397132732272,0.11586982630208136,0.10424452172797918,0.0560036846411526,0.10841676305350662,0.05118763459289073,0.04555284432323276
MGAT4A,0.21008767768859865,2.869335174560547,2,0.0,0.0,0.0,0.0,0.0,0.0,0.0
PPIAP86,0.21007956333369018,0.2700373828411102,38,4.3407930658613616e-05,5.208751314030451e-06,5.0417279850335046e-05,1.1108173279435504e-05,1.799556931895495e-05,6.9783851213924216e-06,3.537704464639319e-05
TNNI3K,0.20964599585065366,4.310600757598877,6,0.000315511759165457,0.0003922814222416537,0.002531797065677379,0.0007797014267845979,0.0003006123408471396,0.00015145045981613154,0.0002787704240419024
LINC01884,0.2065279733553268,0.1822170913219452,92,6.828117309306074e-05,8.367091678035195e-06,8.750705290951145e-06,3.7877107020400454e-06,0.00017299811297445753,4.219796597816867e-06,5.805598501177202e-06
MRAP2,0.2052427614247799,1.6585769653320312,2,0.07164411432623863,0.007325664127729829,0.00020861660952446482,0.00014534513888996727,0.015840581539571283,0.021968775380551808,0.01822372879475355
PABPC1P2,0.20389557307220985,0.1282647252082824,34,0.0018414893407343216,0.0003223023229446006,0.0006725600403738208,0.00027104279567634446,0.001067705878215682,0.0003250153642673311,0.0015303313213548535
MIR1915HG,0.19882643167972563,1.173709750175476,1,0.0,0.0,0.0,0.0,0.0,0.0,0.0
SND1,0.19663839965820312,10.073688507080078,1,0.05452502815246582,0.02237623825073242,0.007104016313552856,0.01628227207183838,0.03583844707489014,0.05193189056396484,0.09521431137084961
ZC3H11C,0.1924831653357269,1.0283944606781006,201,0.002785778029387617,0.0018784428918229255,0.0026949699068063134,0.0013139940359763933,0.0013740602717910763,0.0027143776240047698,0.004110883330770095
COL19A1,0.1838818357026577,1.117698311805725,2,0.0002510627372085457,0.0015971037661656686,0.0036051321933604627,0.0019409354165103253,0.0006269576361542494,0.0005427081827307089,0.0008267538347188368
RPL10AP3,0.18326033371474587,0.2210722416639328,328,0.0,0.0,0.0,0.0,0.0,0.0,0.0
H2AC21,0.1820236848926544,19.561922073364254,1,0.0,0.0,0.0,0.0,0.0,0.0,0.0
AGBL4,0.1787984581287205,0.9064687490463256,8,0.0,0.0,0.0,0.0,0.0,0.0,0.0
ENSG00000240354,0.17595798248079417,0.3668910562992096,120,0.0,0.0,0.0,0.0,0.0,0.0,0.0
VWA3B,0.17563431515693664,1.134588599205017,1,0.0009064216325059474,5.586201919940508e-05,5.784084320765688e-05,5.1329588459335916e-05,0.0005971270032227015,4.033358227460628e-05,8.908101408741156e-05
ENSG00000282692,0.17515352047029137,0.2154582291841507,42,0.0013980484236939322,0.00043889734302813194,0.0020468685639423584,0.0027328668169033987,0.014133487384333211,0.00011718022232963166,5.6628959978785125e-05
FHIT,0.1708895084128529,0.1311919689178466,39,0.0,0.0,0.0,0.0,0.0,0.0,0.0
MELK,0.16781045844125747,3.3391778469085693,5,0.11530458395028115,0.004661955255478617,0.000543070215851998,0.0005968732280079249,0.013394536598086355,0.03272438968473673,0.016275917304068806
RMEL3,0.16051351904869077,0.4326427578926086,3,0.0028600207271054154,0.00587401878824457,0.0041568278368562086,0.0030223190265241725,0.021150503899902074,0.015502154436893744,0.021144773810729357
TMEM200B,0.15975828023815156,2.2777066230773926,2,0.0,0.0,0.0,0.0,0.0,0.0,0.0
METTL15,0.15676014081421488,0.3065888881683349,65,0.03556069938568768,0.07653379844241588,0.050635863801583615,0.023561241342313553,0.03997953023723137,0.05161937998873367,0.07394906200098242
LINC01876,0.15364915862192208,0.5638677477836609,92,0.0,0.0,0.0,0.0,0.0,0.0,0.0
NDUFAF2,0.14953791716217993,1.9076355695724487,2,0.030983035019934175,0.02635141951441765,0.03246665217041969,0.028459222990870475,0.0246887898299098,0.02641833534449339,0.02455941035568714
RPL3P8,0.14427960710197685,0.168828472495079,13,0.0,0.0,0.0,0.0,0.0,0.0,0.0
ENSG00000256861,0.1432794787735939,5.5007219314575195,4,0.0,0.0,0.0,0.0,0.0,0.0,0.0
ALPK3,0.1416982419681549,9.404254913330078,11,0.00684998156028986,0.0003097136779688291,3.5385368039365105e-05,5.9385781213873e-05,0.03136744208478927,0.0009467673438042396,0.00175953419791907
DPYD-AS1,0.14114629261289538,0.1651864051818847,82,1.5804406072091296e-05,0.0001681922591340317,4.4050499817429225e-05,3.5390089157041076e-05,3.336940439414306e-05,1.3824724885650537e-05,1.614298180687638e-05
SETD3,0.141098070602417,4.206859588623047,1,0.0,0.0,0.0,0.0,0.0,0.0,0.0
DENR,0.13729298777961732,4.4677276611328125,5,0.08988640278482438,0.024806130668342113,0.03033553786468506,0.021445132078528405,0.037016674627304076,0.05643771186590195,0.06753951782977581
MIR137,0.1362093174310684,1.172104835510254,48,0.0,0.0,0.0,0.0,0.0,0.0,0.0
ENSG00000288914,0.13428935205841064,10.578282356262209,5,0.0225041680239439,0.02279615414476395,0.05018358749175071,0.0634020040988922,0.03171555144023895,0.013087723153233527,0.014974792811512946
BTBD1,0.1338185789966583,7.065394878387451,1,0.0,0.0,0.0,0.0,0.0,0.0,0.0
Y_RNA,0.1330019892927259,0.2101164907217025,14,5.99050692502714e-05,0.012696254689520176,2.7430838103566202e-05,1.3953194159041236e-05,0.0012964684965831375,0.0038429128854022892,5.9851505400212546e-05
EXOC4,0.1309238031542301,1.408237099647522,1,0.054819591960310936,0.06492735728144645,0.05728120105326175,0.04280556442201137,0.06728101350724697,0.08808779958128928,0.0532727145409584
WDR76,0.1267919718416929,2.5937085151672363,6,0.04753028328192234,0.006731543399043379,0.01863625977885723,0.016162175160884855,0.017787352639451623,0.015295555408582087,0.012245193183220919
CORO7-PAM16,0.12557457723617554,6.297621726989746,1,0.0,0.0,0.0,0.0,0.0,0.0,0.0
DUSP3,0.12392754127511979,7.662091255187988,32,0.0,0.0,0.0,0.0,0.0,0.0,0.0
G3BP1,0.12331299992535116,2.742976427078247,16,0.08094145252376793,0.03447684800171256,0.04287800234977008,0.03487793881250024,0.047337429618453976,0.048086541328972575,0.04126264933024645
DAZL,0.121075968375206,2.4638984203338623,1,0.0,0.0,0.0,0.0,0.0,0.0,0.0
STON1-GTF2A1L,0.1200152364445448,2.9054834842681885,39,0.040066939804208286,0.03323759602175951,0.0056749570873752195,0.004137859346343573,0.03658548092879055,0.033161487072867146,0.05180654248299003
ENSG00000263611,0.11961058380231258,0.1683196425437927,4,7.247817155730445e-05,3.0799784462033134e-06,2.3197045562938e-06,1.3074323898308648e-06,6.97695618866419e-05,2.2884794039555346e-06,7.569950139532012e-06
GLIPR2,0.11648780849456787,9.403594970703123,4,0.01183437520223856,0.005184599951386451,0.021804639436841012,0.018599471167087555,0.011270416787862779,0.01698622908580303,0.021619183889746665
SORCS3,0.10999933343154192,0.8340865969657898,29,0.0047054285906627715,0.0007287563479458835,0.0010252312836982248,0.0008017041885601277,0.009225236053723837,0.0012253778296210725,0.0005597044642544265
ENSG00000286934,0.10442363253869115,0.1246610507369041,9,9.867138831350531e-07,1.513330786415281e-06,2.918798676620326e-07,2.6325996183331314e-07,8.440119988840707e-06,5.308522193894305e-07,1.5661687097122014e-07
IMMP2L,0.10069338451147078,2.9094557762145996,3,0.0,0.0,0.0,0.0,0.0,0.0,0.0
TSHZ3,0.10006622414201499,0.7763468623161316,9,0.0,0.0,0.0,0.0,0.0,0.0,0.0
STAR,0.09907755150222777,16.098608016967773,2,0.0,0.0,0.0,0.0,0.0,0.0,0.0
RD3L,0.09718009817350864,5.63985013961792,13,0.0,0.0,0.0,0.0,0.0,0.0,0.0
SPRY2,0.09692976953220366,3.8268401622772217,10,0.0,0.0,0.0,0.0,0.0,0.0,0.0
ENSG00000286192,0.09691972782268525,2.7243621349334717,1,0.0,0.0,0.0,0.0,0.0,0.0,0.0
PCCB,0.09232946836876868,2.710409879684448,4,0.026035216975688936,0.01039054345050454,0.014606401544064281,0.0152286944052875,0.014494143868774172,0.01921246472635865,0.012130228601127861
ENSG00000259037,0.08871744222681523,9.72726345062256,123,0.0,0.0,0.0,0.0,0.0,0.0,0.0
HSP90AA2P,0.08546413939900398,2.606661319732666,4,0.0,0.0,0.0,0.0,0.0,0.0,0.0
ENSG00000235581,0.07141091936141251,0.1499627977609634,30,2.2783614973050126e-05,1.0138409056316963e-05,1.8738879606580663e-05,8.679681944076947e-06,1.8762556530855367e-05,1.0810380836983314e-05,1.5348766618044463e-05
ENSG00000267699,0.0702214036746025,3.0263514518737793,7,0.04790992044913768,0.036147956281542784,0.03949844299995899,0.033133436485886576,0.0387941465574503,0.0422697229077816,0.03302304824948311
GLULP6,0.06342680978768876,0.2569247186183929,40,0.0,0.0,0.0,0.0,0.0,0.0,0.0
ENSG00000287709,0.05919172116756437,0.1957646459341049,5,0.00019113129461386803,3.7750266956488026e-05,1.7559803864278364e-05,1.605801406534738e-05,0.00024810181466394874,2.3045751285826553e-05,0.00010291998788682427
ENSG00000289475,0.059136451725400586,0.0995828583836555,51,0.0,0.0,0.0,0.0,0.0,0.0,0.0
ZNF800,0.05797401957713366,1.3327215909957886,16,0.0,0.0,0.0,0.0,0.0,0.0,0.0
TMT1A,0.055979377941131586,8.801237106323242,3,0.004540919034183025,0.005588974396586418,0.003125429374873638,0.001567899232715368,0.0024060308998227115,0.0021058029453754424,0.008760107748270034
RPL21P80,0.05569257036407472,2.0058388710021973,35,0.002134209178004637,4.8299865174920055e-05,0.0007600693507344633,0.0001151700689974454,0.0001075668103866633,6.729548313764193e-05,0.001394860140226258
HNRNPA1P47,0.055391681827187525,0.2749651670455932,17,6.339408726997704e-05,1.906355166024759e-05,0.00013963325635548898,4.220348584244339e-05,0.0001286796039736257,2.002251749385906e-05,6.035900003969718e-05
NGF,0.05536666427922249,0.841064989566803,19,0.0,0.0,0.0,0.0,0.0,0.0,0.0
ENSG00000273716,0.05528111078643799,5.967948913574219,1,0.0,0.0,0.0,0.0,0.0,0.0,0.0
CEBPZ,0.05507844571781159,7.0012006759643555,1,0.0,0.0,0.0,0.0,0.0,0.0,0.0
LINC01080,0.05322347112503646,0.1295651197433471,53,0.0003453676834646847,0.0001052683163841578,1.0063628871677794e-05,7.723833020515486e-06,0.00011362076951535626,5.903904460787576e-05,8.611631493188664e-05
FSIP2,0.05276878539055586,0.3320899605751037,2,0.0034532776935026054,0.0005853314878977744,0.0003410800930042676,0.00016703058990590606,0.004394536493048062,0.00030499251491273243,0.0007791041111294087
AKT3,0.05239435333055258,1.2484270334243774,8,0.0,0.0,0.0,0.0,0.0,0.0,0.0
FPGT-TNNI3K,0.05166201374651433,1.3276939392089844,9,0.016608130426305233,0.024235291581463814,0.03265895009540141,0.017057026783097683,0.014180526361572743,0.028148014504714013,0.021081972552480104
LINC01917,0.05090392638728021,0.1138152256608009,5,0.0,0.0,0.0,0.0,0.0,0.0,0.0
DPF3,0.04913841125833988,1.950106859207153,5,0.0,0.0,0.0,0.0,0.0,0.0,0.0
ENO1,0.04867330932884216,48.220252990722656,2,0.0,0.0,0.0,0.0,0.0,0.0,0.0
GYPE,0.046797805376768115,2.6952664852142334,2,0.0,0.0,0.0,0.0,0.0,0.0,0.0
PLCL1,0.04554612057200025,0.123990423977375,71,0.001338553558975122,0.0009303039870167971,0.0032685853770170496,0.0015905504136195822,0.0018029781285004995,0.0007146721714880643,0.001823941318444825
LINC03051,0.04066399391013383,0.6186597347259521,8,0.0,0.0,0.0,0.0,0.0,0.0,0.0
RASA1,0.03632353469705582,2.6407132148742676,6,0.018542205631256102,0.015014162394285201,0.01909379319679737,0.01240116207152605,0.017590134304761886,0.01327590390330553,0.018506690062046048
PPP1R21,0.0358172180626154,4.293217182159424,14,0.016557818277192115,0.00533186526454091,0.012386570714634657,0.009769181789830328,0.009875121820741892,0.008173927436921,0.014755636500293016
SERPINA15P,0.03318451370300721,0.0592756941914558,15,1.865507282850558e-06,4.28876431964818e-05,3.247710240084416e-05,1.9032496983845702e-05,0.0006791930758318173,3.63612951839059e-06,1.1424757722772937e-06
KRT8P4,0.03231691432007252,0.1374048292636871,15,0.0,0.0,0.0,0.0,0.0,0.0,0.0
ENSG00000285902,0.031718044726759174,0.1597147285938263,11,1.31263994218516e-05,3.569522581280188e-05,3.466362713666188e-05,1.8965845008769976e-05,0.00015033174803035963,7.695447152600535e-06,2.2577361845956153e-06
LINC02027,0.031121522070169456,1.3674525022506714,19,4.378614307846102e-06,5.381907595801749e-07,1.4723624653114906e-06,1.1784392281379042e-06,3.35469454306864e-05,1.466468072397885e-06,1.3277319445491423e-05
PARAIL,0.030681906687818453,0.2902348339557647,40,0.0,0.0,0.0,0.0,0.0,0.0,0.0
LINC01834,0.029125247682712924,0.0468842722475528,74,0.00024163709106833926,3.673595396407335e-06,7.2239606624834775e-06,7.0107799388938465e-06,0.0001418132076496244,3.786865431707155e-06,3.9616961844534685e-05
RPL31P31,0.028327831266130518,0.2876958549022674,195,4.7169109529361826e-05,2.7772541131808838e-05,0.0002764450329991672,4.0753632120382765e-05,4.0144205360093846e-05,2.1450181186300544e-05,0.00013828737702020668
ENSG00000228566,0.02831074858820438,0.9827765226364136,3,0.0003471518332958213,7.915287266805535e-07,2.194231307104928e-06,1.4310678488618577e-06,8.236186548229143e-05,2.2892552552220876e-06,2.564018420199743e-05
ENSG00000287107,0.028310231531858437,0.2178678065538406,2,4.2045734425300905e-06,1.2172877270768367e-06,5.841135468267566e-07,8.573839887367285e-07,5.9386548210750335e-06,8.103401027938162e-07,1.4481673488717207e-06
ENSG00000289695,0.02768328197860718,10.696785926818848,1,0.001406435636997223,0.004100896290302277,0.002119609961986542,0.0012796066045761107,0.0015671388502120972,0.0016868426058292388,0.002769817578315734
SPARC,0.026941239027404786,6.629977703094482,2,0.0,0.0,0.0,0.0,0.0,0.0,0.0
HMGN2P39,0.026626954569645696,0.07400993257761,674,0.0001196010391030879,4.7179706299174566e-05,9.289828563133529e-05,4.010326033598392e-05,0.0008031618062991602,2.509155534557906e-05,0.00011295298333164572
KIF18A,0.026371078197538853,1.719654202461243,8,0.0,0.0,0.0,0.0,0.0,0.0,0.0
RNA5SP232,0.025986637429371455,0.0967945829033851,15,0.0,0.0,0.0,0.0,0.0,0.0,0.0
VANGL1,0.02247337888598442,0.9628697037696838,1,0.013378960704803466,0.004061101801693438,0.0038807832509279243,0.003953503310680388,0.01409826222538948,0.00779748866021633,0.010359735395908355
FAM186A,0.021519071807861327,1.963418960571289,1,0.0,0.0,0.0,0.0,0.0,0.0,0.0
KDM2B,0.02127913098692894,3.4016051292419434,3,0.0,0.0,0.0,0.0,0.0,0.0,0.0
SNORA73B,0.020845574084091188,32.714080810546875,3,0.00016487069732695818,0.0009239602364182472,0.003867586148548126,0.011937221954536437,0.0062910113076210025,0.00011160596174299716,7.35702212437987e-05
ENSG00000288321,0.019887406231812173,0.034717533737421,81,0.0001079967781463268,1.733667646493268e-05,4.3914061791537285e-06,3.1315297442630714e-06,0.00034506784908150173,7.72012141771938e-06,4.0344480701447145e-05
OTOL1,0.017219421019613743,0.8300801515579224,9,0.0014999661447368542,0.0001424176034398833,0.00020637724246224263,0.0002808368522550425,0.002329639968615024,0.00016329232033353668,0.0010704018734712137
NAT8B,0.017002314004898073,5.879085063934326,1,0.0,0.0,0.0,0.0,0.0,0.0,0.0
HNF1A,0.015240549340724946,2.8286378383636475,3,1.5234423874877025e-05,3.438297749453341e-07,7.862080849005556e-07,2.3528080189131073e-06,2.345539869228373e-05,1.0320615330706611e-06,2.7675452627586644e-06
LINC01776,0.013128731922506534,0.1848174184560775,24,0.00013909861377328124,0.0014018284783271035,3.4603444297061276e-06,2.7613706069620086e-06,0.0010885976057983366,0.0020018761360954436,0.0009059593724013211
ENSG00000289360,0.0122670512008667,9.997596740722656,1,0.002156221458077431,0.002085310152411461,0.004424770515203476,0.005537968224048615,0.0028303094801902773,0.0012920738242864608,0.0014030494515895843
ENSG00000250920,0.011956327658981084,0.5327787399291992,9,0.0,0.0,0.0,0.0,0.0,0.0,0.0
RPL29P32,0.011622094508074205,0.0282021220773458,1,0.0,0.0,0.0,0.0,0.0,0.0,0.0
RNU5F-1,0.011187401300439834,9.79019832611084,2,0.0,0.0,0.0,0.0,0.0,0.0,0.0
LINC01360,0.011069487234045714,0.0139094311743974,184,1.9221712748402526e-06,1.1332887157591927e-06,9.054998685523405e-07,7.114729185228154e-07,1.2492106450719352e-05,4.452298828634298e-07,7.621118508002951e-07
DDX3P3,0.010623626895129681,0.5344296097755432,4,1.6086205220890406e-06,2.693315559262657e-06,3.3690005069933407e-06,1.7381664044149219e-06,1.6444745389977074e-05,8.144932352115574e-07,4.783086811430622e-07
RNU6-976P,0.010202751776501495,0.012801987119019,53,0.00010248626762676902,2.7342897583348535e-05,5.474801945592845e-06,3.016348846385881e-06,0.0002134166803211911,9.041007665832696e-06,3.6382781856332265e-06
ENSG00000258430,0.009863974581623075,16.355192184448242,8,1.5509269413836272e-05,4.589231296409818e-06,1.9013820394054014e-05,4.572585334083063e-05,2.598464485222468e-05,1.228826780848856e-06,6.24521597581444e-06
GLRA1,0.00901910435565561,0.3206973969936371,24,0.0,0.0,0.0,0.0,0.0,0.0,0.0
HSP90AA6P,0.00886558528772741,0.1142096519470214,16,0.0,0.0,0.0,0.0,0.0,0.0,0.0
EIF3J,0.008548338096141816,3.946601152420044,1,0.00517331898021698,0.0009019542573094366,0.001675127354979515,0.0016514538749456405,0.0019845919278860093,0.0016611139272451401,0.0046204779982566835
ENSG00000289710,0.00839534343337636,0.0117401657626032,6,0.0,0.0,0.0,0.0,0.0,0.0,0.0
ENSG00000227393,0.008388700278066047,0.0089543629437685,5,0.0,0.0,0.0,0.0,0.0,0.0,0.0
SLC28A1,0.008376549037694931,3.6530959606170654,1,1.6398934796452031e-06,1.1086741087638073e-07,2.393519828035746e-07,6.204703706898542e-07,2.9698011629516133e-06,9.44700670443126e-08,6.08651387243232e-07
LINC02428,0.008171360920131206,0.6927327513694763,2,1.1991727152431139e-05,1.0799364600534318e-06,6.843672987670289e-07,7.256124142913905e-07,9.471264670427611e-06,4.3023236468798134e-07,3.969532829214552e-06
COX6A1P4,0.008154608916399037,0.0124811129644513,63,2.205252993245495e-06,3.4812722518956898e-06,1.24015222781793e-06,9.56428148816542e-07,1.315024791991527e-05,1.2273087488846953e-06,1.128762881590774e-06
LINC02503,0.00749279313158989,0.5424572229385376,7,1.5800887810651027e-06,9.496871787177952e-08,3.165909999859195e-08,1.8261622177249135e-08,2.821880435555839e-06,1.0164295546292124e-07,1.271779178689485e-07
ENSG00000287488,0.007360456668538962,0.040816631168127,17,4.5337208845802377e-05,2.0834992402995567e-05,6.588496777258114e-06,4.919325398668662e-06,0.00010087588799053947,1.1609384131825207e-05,3.794450816915553e-05
LINC02484,0.006408092972552778,0.4306743144989013,48,0.0,0.0,0.0,0.0,0.0,0.0,0.0
B4GALT2,0.006165930119057894,4.201798915863037,3,0.0019359692320489882,0.0009446337216418982,1.1625240445152783e-05,3.622091642856779e-05,0.0014957774397614,0.0029331661907583476,0.0026801826499340533
ENSG00000250954,0.005931658282797038,0.6305202841758728,19,0.0,0.0,0.0,0.0,0.0,0.0,0.0
RFPL4AP3,0.005612807199073919,0.008483444340527,15,0.0,0.0,0.0,0.0,0.0,0.0,0.0
SOCS5P1,0.005559549019070772,0.0111637106165289,134,0.0,0.0,0.0,0.0,0.0,0.0,0.0
TBC1D5,0.005152883491992951,0.5388734340667725,4,0.0,0.0,0.0,0.0,0.0,0.0,0.0
CACNB2,0.004925278875589371,2.8695812225341797,2,0.0002165371562093496,3.243740129722275e-05,3.1985856572165946e-05,3.525622502807514e-05,0.00017029622797966,4.143531749024979e-05,0.00010511902810186142
CFAP58,0.004427322829127311,1.9190822839736936,1,7.669450702518221e-05,1.1093112684320574e-05,2.6186588457784763e-06,2.0180120509465134e-06,3.5851065876893654e-05,1.509411389613509e-05,1.991094849631168e-05
HNF1A-AS1,0.004388368394374847,2.6709485054016113,1,0.0,0.0,0.0,0.0,0.0,0.0,0.0
RNA5SP147,0.004366238484643385,0.0207810699939727,12,2.1464239336353333e-07,1.3533215356403618e-07,4.0257873359621494e-08,3.4008795841629083e-08,7.042063264475474e-07,2.324007658607741e-08,1.648245587290376e-08
ENSG00000293117,0.0038087684113740925,1.7559295892715454,4,0.0,0.0,0.0,0.0,0.0,0.0,0.0
MTND5P15,0.0037303662004321753,0.061752188950777,3,0.0,0.0,0.0,0.0,0.0,0.0,0.0
RBMS3,0.003667559547126293,0.8004345297813416,2,0.00041371886361390325,0.0023701943476498125,4.857555973809203e-05,3.907593708951001e-05,0.0018515344506502152,0.0015915307560563088,0.002001862431764603
MIR137HG,0.003539671160626411,1.275274634361267,8,0.0,0.0,0.0,0.0,0.0,0.0,0.0
RTTN,0.0033466912930011747,1.3103724718093872,1,0.0,0.0,0.0,0.0,0.0,0.0,0.0
ENSG00000249547,0.0030256635204795636,0.0110185025259852,3,0.0,0.0,0.0,0.0,0.0,0.0,0.0
ENSG00000287912,0.0029760944714788276,0.0215261001139879,10,1.4862697950238724e-06,9.6000530625156e-07,2.0061945767156435e-06,1.2277727911355212e-06,1.5187205904028816e-05,8.323923616592311e-07,3.492855036762194e-06
ENSG00000286329,0.002908246974900364,0.2209860384464264,7,0.0,0.0,0.0,0.0,0.0,0.0,0.0
STON1,0.002762065534722805,1.748125433921814,3,0.0009048378974616528,0.0005631400744736195,7.108223233520973e-05,5.582773555815215e-05,0.0006489572462975979,0.0006960759595066309,0.0011622150218427183
ENSG00000224670,0.002391479671845206,0.0285153295844793,31,2.6440786372822912e-06,9.936009043804886e-06,2.4472916143631668e-06,1.140874469012033e-06,3.783861094473984e-05,3.879263269205694e-06,2.2125198826634003e-06
ENSG00000231136,0.0023056982186734675,0.4257421791553497,2,0.0,0.0,0.0,0.0,0.0,0.0,0.0
ENSG00000286868,0.002291436612360178,0.1077298074960708,7,1.784732099878459e-05,4.86568266898299e-06,1.6546570966020225e-06,2.4963955780545335e-06,0.00019893128346558565,4.505618168243668e-06,6.350740146225305e-06
RPSAP74,0.002260103559607638,0.0444538220763206,5,0.0,0.0,0.0,0.0,0.0,0.0,0.0
DLGAP2,0.0020648070861399165,0.1649543344974517,3,2.228868678561348e-05,2.773618740523719e-06,1.0929833404486759e-05,1.9245176420662926e-05,0.00014564685110282072,1.2259081203372068e-06,7.046643313187815e-07
RNU4ATAC8P,0.0017905281725501471,0.0132759856060147,40,3.144467596297659e-07,1.6198460918234556e-07,1.0828163699771151e-07,5.504389664688774e-08,9.109798693398175e-07,6.863216075312492e-08,6.784608237214685e-08
ENSG00000249766,0.0017117312541380478,0.0251120980829,3,7.13991815654844e-06,2.6265948360814946e-06,4.42489437549375e-06,3.0958072813009497e-06,7.490043852563858e-06,1.0020308936764196e-06,5.609108602235209e-06
KRT8P21,0.001594579746896772,0.0568221881985664,25,3.6789949916294158e-06,1.213323485001274e-06,4.114761777348946e-06,1.6436385051703835e-06,4.8659301313809814e-06,1.5690915436694924e-06,4.3250341201118585e-06
ERICH1,0.0013283991583585737,0.4153843522071838,1,0.0,0.0,0.0,0.0,0.0,0.0,0.0
ENSG00000287540,0.001323503639149471,0.0136118223890662,3,9.635613259553074e-06,3.0340488617639495e-07,3.2278490313842666e-07,3.105442242044774e-07,3.672992105443688e-05,2.0162382582543615e-07,8.6912177956674e-07
RPL36AP20,0.001211269571220501,0.0402587875723838,65,0.0,0.0,0.0,0.0,0.0,0.0,0.0
RNA5SP461,0.0011753834355622494,0.0115573592483997,1,0.0,0.0,0.0,0.0,0.0,0.0,0.0
ENSG00000288015,0.0011676371916235213,0.0315985009074211,105,0.0,0.0,0.0,0.0,0.0,0.0,0.0
KLHL3,0.001064112892997265,1.694177508354187,1,0.0,0.0,0.0,0.0,0.0,0.0,0.0
ENSG00000251204,0.000905284251719713,0.0614168420433998,1,0.0,0.0,0.0,0.0,0.0,0.0,0.0
LINC02050,0.0006888100829124449,0.2044448852539062,2,2.343092676834114e-06,2.60071387083711e-06,4.185346118989154e-06,3.8099312406264338e-06,2.0000826566480014e-05,8.20467945508351e-07,6.948714908677879e-06
ENSG00000285778,0.0006586413321597486,0.0129373595118522,8,0.0,0.0,0.0,0.0,0.0,0.0,0.0
MIR2682,0.000580524702078104,1.0375709533691406,3,0.0,0.0,0.0,0.0,0.0,0.0,0.0
LINC02144,0.0004930215578079222,0.0893556028604507,5,0.0,0.0,0.0,0.0,0.0,0.0,0.0
RNA5SP50,0.00036583154056174446,0.0069180778227746,29,0.0,0.0,0.0,0.0,0.0,0.0,0.0
ENSG00000286749,0.00033753588213026524,0.1947696954011917,1,4.752682368736602e-06,2.02784761393489e-07,1.0560848253661688e-06,1.174825886206127e-06,3.5359089889096493e-06,1.5538899405510163e-07,1.5437105559394478e-06
ASPG,0.000295460844039917,2.538323402404785,1,1.6613281946629217e-06,1.3819910008459548e-07,5.529684405772752e-08,2.0455009862780568e-07,1.129158736020319e-06,1.4932342031970346e-07,1.8901310074142003e-07
ENSG00000236335,0.00028938712715171196,0.0068542663939297,1,0.0,0.0,0.0,0.0,0.0,0.0,0.0
SLC25A5P4,0.00023280850731134412,0.1276811957359314,2,3.8737864480935966e-08,2.986672813027881e-07,6.45894183384371e-08,4.57014190396876e-08,3.2666710794901663e-06,1.571708728428348e-07,2.1510304615912897e-08
ENSG00000284430,0.00022701544452644854,0.0356607027351856,2,1.2512138834608777e-07,1.5246170286990221e-06,9.068129887327814e-08,8.948103844795696e-08,1.5698139357118634e-07,1.3339432499632428e-06,1.0614759147571657e-06
ENSG00000247134,0.00021615266011953355,0.6853286623954773,1,0.00012052568098902701,1.4757900878787025e-05,6.819800949469197e-06,4.752244871295985e-06,3.407688207775355e-05,2.3522407092154023e-05,6.119540351629255e-05
ENSG00000287862,0.00020405050465464587,0.0760247781872749,1,0.0,0.0,0.0,0.0,0.0,0.0,0.0
HNRNPA3P8,0.0001878827086687088,0.138556569814682,1,8.432239311514422e-08,2.8022906939440872e-08,5.639018860529177e-08,4.334733560972381e-08,4.5652526523915843e-07,2.095040145650273e-08,8.77780784794595e-08
RN7SKP6,0.00013480223857425044,0.0107643706724047,2,0.0,0.0,0.0,0.0,0.0,0.0,0.0
RN7SKP19,0.00012224237656593306,0.0193868987262249,10,0.0,0.0,0.0,0.0,0.0,0.0,0.0
ENSG00000250723,9.787124257348472e-05,0.0233973804861307,1,3.027274706573735e-08,1.5453504162360333e-07,3.820252205303073e-06,1.1431269163145265e-06,2.6724095171084626e-07,2.583714762249656e-08,3.9911287216455095e-08
ENSG00000287783,8.394324481487267e-05,0.0699527040123939,1,0.0,0.0,0.0,0.0,0.0,0.0,0.0
LINC02238,6.946960349101531e-05,0.015275222249329,6,5.096625900712637e-07,1.1757176055914441e-07,2.3639206314237523e-07,1.6717406711627517e-07,1.6410911592005084e-06,9.537409287171385e-08,2.7434929505213864e-07
ENSG00000285568,6.673032644670426e-05,0.0106311403214931,2,1.0832107196347351e-07,4.2863666838002245e-08,2.109884129185957e-08,1.4593831220054199e-08,2.5170749744211207e-07,3.5752270482589665e-08,1.0896243506340397e-07
NFU1P2,6.322810707241295e-05,0.1508612036705017,3,8.473212847600402e-08,1.1820597872138e-05,4.4883689267580074e-08,1.8207116480516563e-08,8.021292770653945e-06,2.628131572203694e-06,5.5443100518431195e-08
ENSG00000276208,5.4181211418285814e-05,0.0266029424965381,3,9.798296353528713e-09,1.910227737671449e-08,3.695493537343282e-08,1.3139040517808099e-08,1.9997899006410638e-07,3.6021482222395203e-09,2.3120891116263918e-09
HYDINP1,3.78007893757892e-05,0.0079412162303924,3,1.734473992655694e-07,1.8771347956089814e-08,1.8384151347618172e-08,5.380310829309564e-09,4.160717353151995e-07,2.7490334395679385e-08,1.1349940241416334e-07
RPL6P22,3.209421323239802e-05,0.2356403321027755,1,0.0,0.0,0.0,0.0,0.0,0.0,0.0
ENSG00000227785,2.092067261040202e-05,0.0111446157097816,1,0.0,0.0,0.0,0.0,0.0,0.0,0.0
RNU7-88P,1.3817830355465413e-06,0.021995909512043,1,3.4559885820635824e-09,1.2151233853654247e-08,1.8096570277339196e-09,1.6843695048009977e-09,5.339620137400878e-07,5.133225649769884e-09,3.5104304065316687e-09
